Level 1,Level 2,Level 3,Level 4,Bos Klasor,Video Suresi (saniye)
IC CAPTURE 01.11.23(MAK),FIRST,BSP,BSP-1,,8.92
IC CAPTURE 01.11.23(MAK),FIRST,BSP,BSP-5,,4.88
IC CAPTURE 01.11.23(MAK),FIRST,C,C-2,,6.72
IC CAPTURE 01.11.23(MAK),FIRST,C,C-8,,8.22
IC CAPTURE 01.11.23(MAK),FIRST,HC,HC-2,,1.98
IC CAPTURE 01.11.23(MAK),FIRST,HC,HC-23,,7.32
IC CAPTURE 01.11.23(MAK),FIRST,WSP,WSP-2,,6.42
IC CAPTURE 01.11.23(MAK),FIRST,WSP,WSP-11,,8.24
IC CAPTURE 01.11.23(MAK),SECOND,BSP,BSP-1,,4.9
IC CAPTURE 01.11.23(MAK),SECOND,BSP,BSP-5,,4.5
IC CAPTURE 01.11.23(MAK),SECOND,C,C-2,,6.04
IC CAPTURE 01.11.23(MAK),SECOND,C,C-8,EVET,0
IC CAPTURE 01.11.23(MAK),SECOND,HC,HC-2,,7.78
IC CAPTURE 01.11.23(MAK),SECOND,HC,HC-23,EVET,0
IC CAPTURE 01.11.23(MAK),SECOND,WSP,WSP-2,,5.88
IC CAPTURE 01.11.23(MAK),SECOND,WSP,WSP-11,,10.8
IC CAPTURE 01.11.23(MAK),THIRD,BSP,BSP-1,,5.26
IC CAPTURE 01.11.23(MAK),THIRD,BSP,BSP-5,,4.54
IC CAPTURE 01.11.23(MAK),THIRD,C,C-2,,6.44
IC CAPTURE 01.11.23(MAK),THIRD,C,C-8,EVET,0
IC CAPTURE 01.11.23(MAK),THIRD,HC,HC-2,,5.62
IC CAPTURE 01.11.23(MAK),THIRD,HC,HC-23,EVET,0
IC CAPTURE 01.11.23(MAK),THIRD,WSP,WSP-2,,5.82
IC CAPTURE 01.11.23(MAK),THIRD,WSP,WSP-11,EVET,0
IC CAPTURE 01.11.23-ANG,FIRST,BSP,BSP-1,,3.24
IC CAPTURE 01.11.23-ANG,FIRST,BSP,BSP-5,,3.34
IC CAPTURE 01.11.23-ANG,FIRST,C,C-2,,4.12
IC CAPTURE 01.11.23-ANG,FIRST,C,C-8,,3.76
IC CAPTURE 01.11.23-ANG,FIRST,HC,HC-2,,4.16
IC CAPTURE 01.11.23-ANG,FIRST,HC,HC-23,,4.84
IC CAPTURE 01.11.23-ANG,FIRST,WSP,WSP-2,,4.56
IC CAPTURE 01.11.23-ANG,FIRST,WSP,WSP-11,,5.66
IC CAPTURE 01.11.23-ANG,SECOND,BSP,BSP-1,,3.54
IC CAPTURE 01.11.23-ANG,SECOND,BSP,BSP-5,,2.88
IC CAPTURE 01.11.23-ANG,SECOND,C,C-2,,4.2
IC CAPTURE 01.11.23-ANG,SECOND,C,C-8,EVET,0
IC CAPTURE 01.11.23-ANG,SECOND,HC,HC-2,,4.22
IC CAPTURE 01.11.23-ANG,SECOND,HC,HC-23,EVET,0
IC CAPTURE 01.11.23-ANG,SECOND,WSP,WSP-2,,3.9
IC CAPTURE 01.11.23-ANG,SECOND,WSP,WSP-11,,33.12
IC CAPTURE 01.11.23-ANG,THIRD,BSP,BSP-1,,3.76
IC CAPTURE 01.11.23-ANG,THIRD,BSP,BSP-5,,3.04
IC CAPTURE 01.11.23-ANG,THIRD,C,C-2,,4.36
IC CAPTURE 01.11.23-ANG,THIRD,C,C-8,EVET,0
IC CAPTURE 01.11.23-ANG,THIRD,HC,HC-2,,4.16
IC CAPTURE 01.11.23-ANG,THIRD,HC,HC-23,EVET,0
IC CAPTURE 01.11.23-ANG,THIRD,WSP,WSP-2,,4.02
IC CAPTURE 01.11.23-ANG,THIRD,WSP,WSP-11,EVET,0
IC CAPTURE 06.11.23(MAK),FIRST,BSP,BSP-3,,3.4
IC CAPTURE 06.11.23(MAK),FIRST,BSP,BSP-26,,4.4
IC CAPTURE 06.11.23(MAK),FIRST,C,C-4,,3.86
IC CAPTURE 06.11.23(MAK),FIRST,C,C-26,,2.52
IC CAPTURE 06.11.23(MAK),FIRST,HC,HC-4,,4.38
IC CAPTURE 06.11.23(MAK),FIRST,HC,HC-30,,6.32
IC CAPTURE 06.11.23(MAK),FIRST,WSP,WSP-4,,1.22
IC CAPTURE 06.11.23(MAK),FIRST,WSP,WSP-19,,5.1
IC CAPTURE 06.11.23(MAK),SECOND,BSP,BSP-3,,3.34
IC CAPTURE 06.11.23(MAK),SECOND,BSP,BSP-26,EVET,0
IC CAPTURE 06.11.23(MAK),SECOND,C,C-4,,2.88
IC CAPTURE 06.11.23(MAK),SECOND,C,C-26,,2.48
IC CAPTURE 06.11.23(MAK),SECOND,HC,HC-4,,4.1
IC CAPTURE 06.11.23(MAK),SECOND,HC,HC-30,EVET,0
IC CAPTURE 06.11.23(MAK),SECOND,WSP,WSP-4,,4.06
IC CAPTURE 06.11.23(MAK),SECOND,WSP,WSP-19,,5.56
IC CAPTURE 06.11.23(MAK),THIRD,BSP,BSP-3,,3.44
IC CAPTURE 06.11.23(MAK),THIRD,BSP,BSP-26,EVET,0
IC CAPTURE 06.11.23(MAK),THIRD,C,C-4,,2.8
IC CAPTURE 06.11.23(MAK),THIRD,C,C-26,,2.46
IC CAPTURE 06.11.23(MAK),THIRD,HC,HC-4,,4.02
IC CAPTURE 06.11.23(MAK),THIRD,HC,HC-30,EVET,0
IC CAPTURE 06.11.23(MAK),THIRD,WSP,WSP-4,,4.02
IC CAPTURE 06.11.23(MAK),THIRD,WSP,WSP-19,,5.74
IC CAPTURE 06.11.23-ANG,FIRST,BSP,BSP-3,,3.3
IC CAPTURE 06.11.23-ANG,FIRST,BSP,BSP-26,,4.22
IC CAPTURE 06.11.23-ANG,FIRST,C,C-4,,3.8
IC CAPTURE 06.11.23-ANG,FIRST,C,C-26,,2.38
IC CAPTURE 06.11.23-ANG,FIRST,HC,HC-4,,3.84
IC CAPTURE 06.11.23-ANG,FIRST,HC,HC-30,,5.98
IC CAPTURE 06.11.23-ANG,FIRST,WSP,WSP-4,,3.68
IC CAPTURE 06.11.23-ANG,FIRST,WSP,WSP-19,,5.08
IC CAPTURE 06.11.23-ANG,SECOND,BSP,BSP-3,,3.02
IC CAPTURE 06.11.23-ANG,SECOND,BSP,BSP-26,EVET,0
IC CAPTURE 06.11.23-ANG,SECOND,C,C-4,,2.66
IC CAPTURE 06.11.23-ANG,SECOND,C,C-26,,2.22
IC CAPTURE 06.11.23-ANG,SECOND,HC,HC-4,,3.74
IC CAPTURE 06.11.23-ANG,SECOND,HC,HC-30,EVET,0
IC CAPTURE 06.11.23-ANG,SECOND,WSP,WSP-4,,3.88
IC CAPTURE 06.11.23-ANG,SECOND,WSP,WSP-19,,4.68
IC CAPTURE 06.11.23-ANG,THIRD,BSP,BSP-3,,3.2
IC CAPTURE 06.11.23-ANG,THIRD,BSP,BSP-26,EVET,0
IC CAPTURE 06.11.23-ANG,THIRD,C,C-4,,2.68
IC CAPTURE 06.11.23-ANG,THIRD,C,C-26,,2.34
IC CAPTURE 06.11.23-ANG,THIRD,HC,HC-4,,3.98
IC CAPTURE 06.11.23-ANG,THIRD,HC,HC-30,EVET,0
IC CAPTURE 06.11.23-ANG,THIRD,WSP,WSP-4,,3.86
IC CAPTURE 06.11.23-ANG,THIRD,WSP,WSP-19,,5.64
IC CAPTURE 10.11.23(MAK),FIRST,BSP,BSP-6,,2.06
IC CAPTURE 10.11.23(MAK),FIRST,BSP,BSP-16,,1.7
IC CAPTURE 10.11.23(MAK),FIRST,C,C-11,,1.22
IC CAPTURE 10.11.23(MAK),FIRST,C,C-12,,3.34
IC CAPTURE 10.11.23(MAK),FIRST,HC,HC-6,,0.02
IC CAPTURE 10.11.23(MAK),FIRST,HC,HC-12,,4.52
IC CAPTURE 10.11.23(MAK),FIRST,WSP,WSP-6,,4.26
IC CAPTURE 10.11.23(MAK),FIRST,WSP,WSP-15,,5.96
IC CAPTURE 10.11.23(MAK),SECOND,BSP,BSP-6,,3.8
IC CAPTURE 10.11.23(MAK),SECOND,BSP,BSP-16,,3.22
IC CAPTURE 10.11.23(MAK),SECOND,C,C-11,,2.4
IC CAPTURE 10.11.23(MAK),SECOND,C,C-12,EVET,0
IC CAPTURE 10.11.23(MAK),SECOND,HC,HC-6,,4.06
IC CAPTURE 10.11.23(MAK),SECOND,HC,HC-12,,4.76
IC CAPTURE 10.11.23(MAK),SECOND,WSP,WSP-6,,4.04
IC CAPTURE 10.11.23(MAK),SECOND,WSP,WSP-15,EVET,0
IC CAPTURE 10.11.23(MAK),THIRD,BSP,BSP-6,,3.26
IC CAPTURE 10.11.23(MAK),THIRD,BSP,BSP-16,,3.24
IC CAPTURE 10.11.23(MAK),THIRD,C,C-11,,2.5
IC CAPTURE 10.11.23(MAK),THIRD,C,C-12,EVET,0
IC CAPTURE 10.11.23(MAK),THIRD,HC,HC-6,,4.26
IC CAPTURE 10.11.23(MAK),THIRD,HC,HC-12,,2.12
IC CAPTURE 10.11.23(MAK),THIRD,WSP,WSP-6,,4.0
IC CAPTURE 10.11.23(MAK),THIRD,WSP,WSP-15,EVET,0
IC CAPTURE 10.11.23-ANG,FIRST,BSP,BSP-6,,3.88
IC CAPTURE 10.11.23-ANG,FIRST,BSP,BSP-16,,3.28
IC CAPTURE 10.11.23-ANG,FIRST,C,C-11,,2.34
IC CAPTURE 10.11.23-ANG,FIRST,C,C-12,,9.98
IC CAPTURE 10.11.23-ANG,FIRST,HC,HC-6,,3.96
IC CAPTURE 10.11.23-ANG,FIRST,HC,HC-12,,3.38
IC CAPTURE 10.11.23-ANG,FIRST,WSP,WSP-6,,3.86
IC CAPTURE 10.11.23-ANG,FIRST,WSP,WSP-15,,5.0
IC CAPTURE 10.11.23-ANG,SECOND,BSP,BSP-6,,3.6
IC CAPTURE 10.11.23-ANG,SECOND,BSP,BSP-16,,3.26
IC CAPTURE 10.11.23-ANG,SECOND,C,C-11,,2.5
IC CAPTURE 10.11.23-ANG,SECOND,C,C-12,EVET,0
IC CAPTURE 10.11.23-ANG,SECOND,HC,HC-6,,3.88
IC CAPTURE 10.11.23-ANG,SECOND,HC,HC-12,,4.56
IC CAPTURE 10.11.23-ANG,SECOND,WSP,WSP-6,,3.98
IC CAPTURE 10.11.23-ANG,SECOND,WSP,WSP-15,EVET,0
IC CAPTURE 10.11.23-ANG,THIRD,BSP,BSP-6,,2.98
IC CAPTURE 10.11.23-ANG,THIRD,BSP,BSP-16,,3.22
IC CAPTURE 10.11.23-ANG,THIRD,C,C-11,,2.42
IC CAPTURE 10.11.23-ANG,THIRD,C,C-12,EVET,0
IC CAPTURE 10.11.23-ANG,THIRD,HC,HC-6,,4.02
IC CAPTURE 10.11.23-ANG,THIRD,HC,HC-12,,4.18
IC CAPTURE 10.11.23-ANG,THIRD,WSP,WSP-6,,3.8
IC CAPTURE 10.11.23-ANG,THIRD,WSP,WSP-15,EVET,0
IC CAPTURE 17.11.23(MAK),FIRST,BSP,BSP-8,,3.16
IC CAPTURE 17.11.23(MAK),FIRST,BSP,BSP-10,,3.18
IC CAPTURE 17.11.23(MAK),FIRST,BSP,BSP-18,,3.14
IC CAPTURE 17.11.23(MAK),FIRST,BSP,BSP-23,,4.26
IC CAPTURE 17.11.23(MAK),FIRST,BSP,BSP-24,,4.28
IC CAPTURE 17.11.23(MAK),FIRST,C,C-13,,2.5
IC CAPTURE 17.11.23(MAK),FIRST,C,C-17,,16.76
IC CAPTURE 17.11.23(MAK),FIRST,C,C-18,,3.74
IC CAPTURE 17.11.23(MAK),FIRST,C,C-20,,4.06
IC CAPTURE 17.11.23(MAK),FIRST,C,C-24,,3.76
IC CAPTURE 17.11.23(MAK),FIRST,HC,HC-7,,4.04
IC CAPTURE 17.11.23(MAK),FIRST,HC,HC-8,,4.4
IC CAPTURE 17.11.23(MAK),FIRST,HC,HC-13,,4.6
IC CAPTURE 17.11.23(MAK),FIRST,HC,HC-14,,4.26
IC CAPTURE 17.11.23(MAK),FIRST,HC,HC-27,,2.9
IC CAPTURE 17.11.23(MAK),FIRST,WSP,WSP-7,,4.2
IC CAPTURE 17.11.23(MAK),FIRST,WSP,WSP-8,,3.62
IC CAPTURE 17.11.23(MAK),FIRST,WSP,WSP-16,,17.58
IC CAPTURE 17.11.23(MAK),FIRST,WSP,WSP-17,,5.98
IC CAPTURE 17.11.23(MAK),FIRST,WSP,WSP-23,,5.18
IC CAPTURE 17.11.23(MAK),SECOND,BSP,BSP-8,,3.86
IC CAPTURE 17.11.23(MAK),SECOND,BSP,BSP-10,,3.12
IC CAPTURE 17.11.23(MAK),SECOND,BSP,BSP-18,,3.2
IC CAPTURE 17.11.23(MAK),SECOND,BSP,BSP-23,,4.24
IC CAPTURE 17.11.23(MAK),SECOND,BSP,BSP-24,,3.3
IC CAPTURE 17.11.23(MAK),SECOND,C,C-13,EVET,0
IC CAPTURE 17.11.23(MAK),SECOND,C,C-17,EVET,0
IC CAPTURE 17.11.23(MAK),SECOND,C,C-18,,4.16
IC CAPTURE 17.11.23(MAK),SECOND,C,C-20,,4.16
IC CAPTURE 17.11.23(MAK),SECOND,C,C-24,,4.4
IC CAPTURE 17.11.23(MAK),SECOND,HC,HC-7,,3.8
IC CAPTURE 17.11.23(MAK),SECOND,HC,HC-8,,1.64
IC CAPTURE 17.11.23(MAK),SECOND,HC,HC-13,,2.34
IC CAPTURE 17.11.23(MAK),SECOND,HC,HC-14,,4.6
IC CAPTURE 17.11.23(MAK),SECOND,HC,HC-27,EVET,0
IC CAPTURE 17.11.23(MAK),SECOND,WSP,WSP-7,,6.42
IC CAPTURE 17.11.23(MAK),SECOND,WSP,WSP-8,,3.2
IC CAPTURE 17.11.23(MAK),SECOND,WSP,WSP-16,EVET,0
IC CAPTURE 17.11.23(MAK),SECOND,WSP,WSP-17,,5.86
IC CAPTURE 17.11.23(MAK),SECOND,WSP,WSP-23,,5.48
IC CAPTURE 17.11.23(MAK),THIRD,BSP,BSP-8,,3.2
IC CAPTURE 17.11.23(MAK),THIRD,BSP,BSP-10,,3.1
IC CAPTURE 17.11.23(MAK),THIRD,BSP,BSP-18,,1.04
IC CAPTURE 17.11.23(MAK),THIRD,BSP,BSP-23,,4.12
IC CAPTURE 17.11.23(MAK),THIRD,BSP,BSP-24,,5.54
IC CAPTURE 17.11.23(MAK),THIRD,C,C-13,EVET,0
IC CAPTURE 17.11.23(MAK),THIRD,C,C-17,EVET,0
IC CAPTURE 17.11.23(MAK),THIRD,C,C-18,EVET,0
IC CAPTURE 17.11.23(MAK),THIRD,C,C-20,,3.96
IC CAPTURE 17.11.23(MAK),THIRD,C,C-24,,2.8
IC CAPTURE 17.11.23(MAK),THIRD,HC,HC-7,,4.08
IC CAPTURE 17.11.23(MAK),THIRD,HC,HC-8,,4.12
IC CAPTURE 17.11.23(MAK),THIRD,HC,HC-13,,2.38
IC CAPTURE 17.11.23(MAK),THIRD,HC,HC-14,,4.82
IC CAPTURE 17.11.23(MAK),THIRD,HC,HC-27,EVET,0
IC CAPTURE 17.11.23(MAK),THIRD,WSP,WSP-7,,3.9
IC CAPTURE 17.11.23(MAK),THIRD,WSP,WSP-8,,4.12
IC CAPTURE 17.11.23(MAK),THIRD,WSP,WSP-16,EVET,0
IC CAPTURE 17.11.23(MAK),THIRD,WSP,WSP-17,,1.96
IC CAPTURE 17.11.23(MAK),THIRD,WSP,WSP-23,,5.68
IC CAPTURE 2.12.23(MAK),FIRST,BSP,BSP-9,,3.8
IC CAPTURE 2.12.23(MAK),FIRST,BSP,BSP-11,,3.18
IC CAPTURE 2.12.23(MAK),FIRST,BSP,BSP-21,,2.86
IC CAPTURE 2.12.23(MAK),FIRST,BSP,BSP-25,,3.36
IC CAPTURE 2.12.23(MAK),FIRST,BSP,BSP-27,,1.8
IC CAPTURE 2.12.23(MAK),FIRST,C,C-14,,11.02
IC CAPTURE 2.12.23(MAK),FIRST,C,C-19,,2.84
IC CAPTURE 2.12.23(MAK),FIRST,C,C-22,,3.74
IC CAPTURE 2.12.23(MAK),FIRST,C,C-23,,4.36
IC CAPTURE 2.12.23(MAK),FIRST,C,C-30,,1.72
IC CAPTURE 2.12.23(MAK),FIRST,HC,HC-11,,4.58
IC CAPTURE 2.12.23(MAK),FIRST,HC,HC-15,,4.3
IC CAPTURE 2.12.23(MAK),FIRST,HC,HC-21,,4.32
IC CAPTURE 2.12.23(MAK),FIRST,HC,HC-26,,2.46
IC CAPTURE 2.12.23(MAK),FIRST,HC,HC-32,,3.92
IC CAPTURE 2.12.23(MAK),FIRST,WSP,WSP-9,,4.16
IC CAPTURE 2.12.23(MAK),FIRST,WSP,WSP-12,,5.2
IC CAPTURE 2.12.23(MAK),FIRST,WSP,WSP-21,,4.5
IC CAPTURE 2.12.23(MAK),FIRST,WSP,WSP-28,,2.72
IC CAPTURE 2.12.23(MAK),FIRST,WSP,WSP-30,,3.58
IC CAPTURE 2.12.23(MAK),SECOND,BSP,BSP-9,,3.1
IC CAPTURE 2.12.23(MAK),SECOND,BSP,BSP-11,,3.14
IC CAPTURE 2.12.23(MAK),SECOND,BSP,BSP-21,,2.76
IC CAPTURE 2.12.23(MAK),SECOND,BSP,BSP-25,,3.24
IC CAPTURE 2.12.23(MAK),SECOND,BSP,BSP-27,,2.02
IC CAPTURE 2.12.23(MAK),SECOND,C,C-14,,2.98
IC CAPTURE 2.12.23(MAK),SECOND,C,C-19,,2.66
IC CAPTURE 2.12.23(MAK),SECOND,C,C-22,,3.58
IC CAPTURE 2.12.23(MAK),SECOND,C,C-23,,3.54
IC CAPTURE 2.12.23(MAK),SECOND,C,C-30,,1.34
IC CAPTURE 2.12.23(MAK),SECOND,HC,HC-11,,4.08
IC CAPTURE 2.12.23(MAK),SECOND,HC,HC-15,,4.22
IC CAPTURE 2.12.23(MAK),SECOND,HC,HC-21,,4.18
IC CAPTURE 2.12.23(MAK),SECOND,HC,HC-26,EVET,0
IC CAPTURE 2.12.23(MAK),SECOND,HC,HC-32,EVET,0
IC CAPTURE 2.12.23(MAK),SECOND,WSP,WSP-9,,2.22
IC CAPTURE 2.12.23(MAK),SECOND,WSP,WSP-12,,5.24
IC CAPTURE 2.12.23(MAK),SECOND,WSP,WSP-21,,2.34
IC CAPTURE 2.12.23(MAK),SECOND,WSP,WSP-28,,5.82
IC CAPTURE 2.12.23(MAK),SECOND,WSP,WSP-30,,5.36
IC CAPTURE 2.12.23(MAK),THIRD,BSP,BSP-9,,3.02
IC CAPTURE 2.12.23(MAK),THIRD,BSP,BSP-11,,3.12
IC CAPTURE 2.12.23(MAK),THIRD,BSP,BSP-21,,2.72
IC CAPTURE 2.12.23(MAK),THIRD,BSP,BSP-25,,3.2
IC CAPTURE 2.12.23(MAK),THIRD,BSP,BSP-27,,3.7
IC CAPTURE 2.12.23(MAK),THIRD,C,C-14,,2.62
IC CAPTURE 2.12.23(MAK),THIRD,C,C-19,,2.9
IC CAPTURE 2.12.23(MAK),THIRD,C,C-22,,1.78
IC CAPTURE 2.12.23(MAK),THIRD,C,C-23,,3.58
IC CAPTURE 2.12.23(MAK),THIRD,C,C-30,,2.64
IC CAPTURE 2.12.23(MAK),THIRD,HC,HC-11,,4.1
IC CAPTURE 2.12.23(MAK),THIRD,HC,HC-15,,4.22
IC CAPTURE 2.12.23(MAK),THIRD,HC,HC-21,,1.02
IC CAPTURE 2.12.23(MAK),THIRD,HC,HC-26,EVET,0
IC CAPTURE 2.12.23(MAK),THIRD,HC,HC-32,EVET,0
IC CAPTURE 2.12.23(MAK),THIRD,WSP,WSP-9,,4.84
IC CAPTURE 2.12.23(MAK),THIRD,WSP,WSP-12,,3.92
IC CAPTURE 2.12.23(MAK),THIRD,WSP,WSP-21,,4.32
IC CAPTURE 2.12.23(MAK),THIRD,WSP,WSP-28,,5.8
IC CAPTURE 2.12.23(MAK),THIRD,WSP,WSP-30,,5.32
IC CAPTURE 2.12.23-ANG,FIRST,BSP,BSP-9,,3.78
IC CAPTURE 2.12.23-ANG,FIRST,BSP,BSP-11,,3.18
IC CAPTURE 2.12.23-ANG,FIRST,BSP,BSP-21,,2.78
IC CAPTURE 2.12.23-ANG,FIRST,BSP,BSP-25,,3.14
IC CAPTURE 2.12.23-ANG,FIRST,BSP,BSP-27,,3.84
IC CAPTURE 2.12.23-ANG,FIRST,C,C-14,,2.66
IC CAPTURE 2.12.23-ANG,FIRST,C,C-19,,2.66
IC CAPTURE 2.12.23-ANG,FIRST,C,C-22,,3.7
IC CAPTURE 2.12.23-ANG,FIRST,C,C-23,,4.06
IC CAPTURE 2.12.23-ANG,FIRST,C,C-30,,3.26
IC CAPTURE 2.12.23-ANG,FIRST,HC,HC-11,,6.62
IC CAPTURE 2.12.23-ANG,FIRST,HC,HC-15,,4.14
IC CAPTURE 2.12.23-ANG,FIRST,HC,HC-21,,4.12
IC CAPTURE 2.12.23-ANG,FIRST,HC,HC-26,,5.16
IC CAPTURE 2.12.23-ANG,FIRST,HC,HC-32,,3.78
IC CAPTURE 2.12.23-ANG,FIRST,WSP,WSP-9,,4.02
IC CAPTURE 2.12.23-ANG,FIRST,WSP,WSP-12,,5.04
IC CAPTURE 2.12.23-ANG,FIRST,WSP,WSP-21,,4.24
IC CAPTURE 2.12.23-ANG,FIRST,WSP,WSP-28,,5.74
IC CAPTURE 2.12.23-ANG,FIRST,WSP,WSP-30,,6.28
IC CAPTURE 2.12.23-ANG,SECOND,BSP,BSP-9,,3.14
IC CAPTURE 2.12.23-ANG,SECOND,BSP,BSP-11,,3.02
IC CAPTURE 2.12.23-ANG,SECOND,BSP,BSP-21,,2.74
IC CAPTURE 2.12.23-ANG,SECOND,BSP,BSP-25,,3.22
IC CAPTURE 2.12.23-ANG,SECOND,BSP,BSP-27,,3.68
IC CAPTURE 2.12.23-ANG,SECOND,C,C-14,,2.88
IC CAPTURE 2.12.23-ANG,SECOND,C,C-19,,2.6
IC CAPTURE 2.12.23-ANG,SECOND,C,C-22,,3.54
IC CAPTURE 2.12.23-ANG,SECOND,C,C-23,,1.48
IC CAPTURE 2.12.23-ANG,SECOND,C,C-30,,2.62
IC CAPTURE 2.12.23-ANG,SECOND,HC,HC-11,,4.06
IC CAPTURE 2.12.23-ANG,SECOND,HC,HC-15,,4.28
IC CAPTURE 2.12.23-ANG,SECOND,HC,HC-21,,3.8
IC CAPTURE 2.12.23-ANG,SECOND,HC,HC-26,EVET,0
IC CAPTURE 2.12.23-ANG,SECOND,HC,HC-32,EVET,0
IC CAPTURE 2.12.23-ANG,SECOND,WSP,WSP-9,,3.92
IC CAPTURE 2.12.23-ANG,SECOND,WSP,WSP-12,,5.06
IC CAPTURE 2.12.23-ANG,SECOND,WSP,WSP-21,,4.2
IC CAPTURE 2.12.23-ANG,SECOND,WSP,WSP-28,,5.66
IC CAPTURE 2.12.23-ANG,SECOND,WSP,WSP-30,,5.14
IC CAPTURE 2.12.23-ANG,THIRD,BSP,BSP-9,,3.94
IC CAPTURE 2.12.23-ANG,THIRD,BSP,BSP-11,,2.96
IC CAPTURE 2.12.23-ANG,THIRD,BSP,BSP-21,,2.66
IC CAPTURE 2.12.23-ANG,THIRD,BSP,BSP-25,,3.16
IC CAPTURE 2.12.23-ANG,THIRD,BSP,BSP-27,,3.68
IC CAPTURE 2.12.23-ANG,THIRD,C,C-14,,2.34
IC CAPTURE 2.12.23-ANG,THIRD,C,C-19,,2.7
IC CAPTURE 2.12.23-ANG,THIRD,C,C-22,,5.5
IC CAPTURE 2.12.23-ANG,THIRD,C,C-23,,3.3
IC CAPTURE 2.12.23-ANG,THIRD,C,C-30,,2.56
IC CAPTURE 2.12.23-ANG,THIRD,HC,HC-11,,4.18
IC CAPTURE 2.12.23-ANG,THIRD,HC,HC-15,,4.22
IC CAPTURE 2.12.23-ANG,THIRD,HC,HC-21,,4.0
IC CAPTURE 2.12.23-ANG,THIRD,HC,HC-26,EVET,0
IC CAPTURE 2.12.23-ANG,THIRD,HC,HC-32,EVET,0
IC CAPTURE 2.12.23-ANG,THIRD,WSP,WSP-9,,2.8
IC CAPTURE 2.12.23-ANG,THIRD,WSP,WSP-12,,3.78
IC CAPTURE 2.12.23-ANG,THIRD,WSP,WSP-21,,4.16
IC CAPTURE 2.12.23-ANG,THIRD,WSP,WSP-28,,5.48
IC CAPTURE 2.12.23-ANG,THIRD,WSP,WSP-30,,5.2
IC CAPTURE 9.12.23 (MAK),FIRST,BSP,BSP-12,,3.28
IC CAPTURE 9.12.23 (MAK),FIRST,BSP,BSP-17,,2.44
IC CAPTURE 9.12.23 (MAK),FIRST,BSP,BSP-28,,3.54
IC CAPTURE 9.12.23 (MAK),FIRST,BSP,BSP-29,,3.82
IC CAPTURE 9.12.23 (MAK),FIRST,BSP,BSP-31,,3.38
IC CAPTURE 9.12.23 (MAK),FIRST,C,C-15,,4.38
IC CAPTURE 9.12.23 (MAK),FIRST,C,C-16,,3.4
IC CAPTURE 9.12.23 (MAK),FIRST,C,C-25,,2.78
IC CAPTURE 9.12.23 (MAK),FIRST,C,C-27,,3.36
IC CAPTURE 9.12.23 (MAK),FIRST,C,C-29,,0.58
IC CAPTURE 9.12.23 (MAK),FIRST,HC,HC-16,,4.32
IC CAPTURE 9.12.23 (MAK),FIRST,HC,HC-22,,4.74
IC CAPTURE 9.12.23 (MAK),FIRST,HC,HC-24,,2.4
IC CAPTURE 9.12.23 (MAK),FIRST,HC,HC-29,,3.66
IC CAPTURE 9.12.23 (MAK),FIRST,HC,HC-31,,4.94
IC CAPTURE 9.12.23 (MAK),FIRST,WSP,WSP-18,,4.26
IC CAPTURE 9.12.23 (MAK),FIRST,WSP,WSP-20,,2.6
IC CAPTURE 9.12.23 (MAK),FIRST,WSP,WSP-26,,5.48
IC CAPTURE 9.12.23 (MAK),FIRST,WSP,WSP-27,,5.28
IC CAPTURE 9.12.23 (MAK),FIRST,WSP,WSP-31,,3.96
IC CAPTURE 9.12.23 (MAK),SECOND,BSP,BSP-12,,3.28
IC CAPTURE 9.12.23 (MAK),SECOND,BSP,BSP-17,,3.06
IC CAPTURE 9.12.23 (MAK),SECOND,BSP,BSP-28,,3.24
IC CAPTURE 9.12.23 (MAK),SECOND,BSP,BSP-29,,4.26
IC CAPTURE 9.12.23 (MAK),SECOND,BSP,BSP-31,,5.1
IC CAPTURE 9.12.23 (MAK),SECOND,C,C-15,,1.88
IC CAPTURE 9.12.23 (MAK),SECOND,C,C-16,EVET,0
IC CAPTURE 9.12.23 (MAK),SECOND,C,C-25,,3.38
IC CAPTURE 9.12.23 (MAK),SECOND,C,C-27,,2.14
IC CAPTURE 9.12.23 (MAK),SECOND,C,C-29,,3.84
IC CAPTURE 9.12.23 (MAK),SECOND,HC,HC-16,EVET,0
IC CAPTURE 9.12.23 (MAK),SECOND,HC,HC-22,,4.5
IC CAPTURE 9.12.23 (MAK),SECOND,HC,HC-24,,3.48
IC CAPTURE 9.12.23 (MAK),SECOND,HC,HC-29,EVET,0
IC CAPTURE 9.12.23 (MAK),SECOND,HC,HC-31,EVET,0
IC CAPTURE 9.12.23 (MAK),SECOND,WSP,WSP-18,,3.22
IC CAPTURE 9.12.23 (MAK),SECOND,WSP,WSP-20,,4.1
IC CAPTURE 9.12.23 (MAK),SECOND,WSP,WSP-26,,4.18
IC CAPTURE 9.12.23 (MAK),SECOND,WSP,WSP-27,,5.2
IC CAPTURE 9.12.23 (MAK),SECOND,WSP,WSP-31,EVET,0
IC CAPTURE 9.12.23 (MAK),THIRD,BSP,BSP-12,,3.16
IC CAPTURE 9.12.23 (MAK),THIRD,BSP,BSP-17,,3.02
IC CAPTURE 9.12.23 (MAK),THIRD,BSP,BSP-28,,3.36
IC CAPTURE 9.12.23 (MAK),THIRD,BSP,BSP-29,,3.8
IC CAPTURE 9.12.23 (MAK),THIRD,BSP,BSP-31,EVET,0
IC CAPTURE 9.12.23 (MAK),THIRD,C,C-15,,2.68
IC CAPTURE 9.12.23 (MAK),THIRD,C,C-16,EVET,0
IC CAPTURE 9.12.23 (MAK),THIRD,C,C-25,,2.06
IC CAPTURE 9.12.23 (MAK),THIRD,C,C-27,,2.96
IC CAPTURE 9.12.23 (MAK),THIRD,C,C-29,EVET,0
IC CAPTURE 9.12.23 (MAK),THIRD,HC,HC-16,EVET,0
IC CAPTURE 9.12.23 (MAK),THIRD,HC,HC-22,EVET,0
IC CAPTURE 9.12.23 (MAK),THIRD,HC,HC-24,,2.3
IC CAPTURE 9.12.23 (MAK),THIRD,HC,HC-29,EVET,0
IC CAPTURE 9.12.23 (MAK),THIRD,HC,HC-31,EVET,0
IC CAPTURE 9.12.23 (MAK),THIRD,WSP,WSP-18,,4.02
IC CAPTURE 9.12.23 (MAK),THIRD,WSP,WSP-20,,4.0
IC CAPTURE 9.12.23 (MAK),THIRD,WSP,WSP-26,,7.4
IC CAPTURE 9.12.23 (MAK),THIRD,WSP,WSP-27,,5.08
IC CAPTURE 9.12.23 (MAK),THIRD,WSP,WSP-31,EVET,0
IC CAPTURE 9.12.23(ANG),FIRST,BSP,BSP-12,,3.18
IC CAPTURE 9.12.23(ANG),FIRST,BSP,BSP-17,,3.08
IC CAPTURE 9.12.23(ANG),FIRST,BSP,BSP-28,,3.36
IC CAPTURE 9.12.23(ANG),FIRST,BSP,BSP-29,,3.8
IC CAPTURE 9.12.23(ANG),FIRST,BSP,BSP-31,,3.52
IC CAPTURE 9.12.23(ANG),FIRST,C,C-15,,2.6
IC CAPTURE 9.12.23(ANG),FIRST,C,C-16,,3.48
IC CAPTURE 9.12.23(ANG),FIRST,C,C-25,,2.72
IC CAPTURE 9.12.23(ANG),FIRST,C,C-27,,3.32
IC CAPTURE 9.12.23(ANG),FIRST,C,C-29,,3.48
IC CAPTURE 9.12.23(ANG),FIRST,HC,HC-16,,4.54
IC CAPTURE 9.12.23(ANG),FIRST,HC,HC-22,,4.4
IC CAPTURE 9.12.23(ANG),FIRST,HC,HC-24,,4.24
IC CAPTURE 9.12.23(ANG),FIRST,HC,HC-29,,3.92
IC CAPTURE 9.12.23(ANG),FIRST,HC,HC-31,,4.9
IC CAPTURE 9.12.23(ANG),FIRST,WSP,WSP-18,,3.92
IC CAPTURE 9.12.23(ANG),FIRST,WSP,WSP-20,,5.16
IC CAPTURE 9.12.23(ANG),FIRST,WSP,WSP-26,,5.32
IC CAPTURE 9.12.23(ANG),FIRST,WSP,WSP-27,,4.78
IC CAPTURE 9.12.23(ANG),FIRST,WSP,WSP-31,,3.86
IC CAPTURE 9.12.23(ANG),SECOND,BSP,BSP-12,,3.06
IC CAPTURE 9.12.23(ANG),SECOND,BSP,BSP-17,,3.06
IC CAPTURE 9.12.23(ANG),SECOND,BSP,BSP-28,,3.24
IC CAPTURE 9.12.23(ANG),SECOND,BSP,BSP-29,,3.88
IC CAPTURE 9.12.23(ANG),SECOND,BSP,BSP-31,,4.96
IC CAPTURE 9.12.23(ANG),SECOND,C,C-15,,3.24
IC CAPTURE 9.12.23(ANG),SECOND,C,C-16,EVET,0
IC CAPTURE 9.12.23(ANG),SECOND,C,C-25,,3.22
IC CAPTURE 9.12.23(ANG),SECOND,C,C-27,,2.72
IC CAPTURE 9.12.23(ANG),SECOND,C,C-29,,16.44
IC CAPTURE 9.12.23(ANG),SECOND,HC,HC-16,EVET,0
IC CAPTURE 9.12.23(ANG),SECOND,HC,HC-22,,4.16
IC CAPTURE 9.12.23(ANG),SECOND,HC,HC-24,,4.44
IC CAPTURE 9.12.23(ANG),SECOND,HC,HC-29,EVET,0
IC CAPTURE 9.12.23(ANG),SECOND,HC,HC-31,EVET,0
IC CAPTURE 9.12.23(ANG),SECOND,WSP,WSP-18,,3.92
IC CAPTURE 9.12.23(ANG),SECOND,WSP,WSP-20,,3.92
IC CAPTURE 9.12.23(ANG),SECOND,WSP,WSP-26,,4.02
IC CAPTURE 9.12.23(ANG),SECOND,WSP,WSP-27,,4.86
IC CAPTURE 9.12.23(ANG),SECOND,WSP,WSP-31,EVET,0
IC CAPTURE 9.12.23(ANG),THIRD,BSP,BSP-12,,3.14
IC CAPTURE 9.12.23(ANG),THIRD,BSP,BSP-17,,3.12
IC CAPTURE 9.12.23(ANG),THIRD,BSP,BSP-28,,3.26
IC CAPTURE 9.12.23(ANG),THIRD,BSP,BSP-29,,3.84
IC CAPTURE 9.12.23(ANG),THIRD,BSP,BSP-31,EVET,0
IC CAPTURE 9.12.23(ANG),THIRD,C,C-15,,3.38
IC CAPTURE 9.12.23(ANG),THIRD,C,C-16,EVET,0
IC CAPTURE 9.12.23(ANG),THIRD,C,C-25,,3.28
IC CAPTURE 9.12.23(ANG),THIRD,C,C-27,,2.82
IC CAPTURE 9.12.23(ANG),THIRD,C,C-29,EVET,0
IC CAPTURE 9.12.23(ANG),THIRD,HC,HC-16,EVET,0
IC CAPTURE 9.12.23(ANG),THIRD,HC,HC-22,EVET,0
IC CAPTURE 9.12.23(ANG),THIRD,HC,HC-24,,4.18
IC CAPTURE 9.12.23(ANG),THIRD,HC,HC-29,EVET,0
IC CAPTURE 9.12.23(ANG),THIRD,HC,HC-31,EVET,0
IC CAPTURE 9.12.23(ANG),THIRD,WSP,WSP-18,,3.7
IC CAPTURE 9.12.23(ANG),THIRD,WSP,WSP-20,,3.96
IC CAPTURE 9.12.23(ANG),THIRD,WSP,WSP-26,,6.4
IC CAPTURE 9.12.23(ANG),THIRD,WSP,WSP-27,,4.64
IC CAPTURE 9.12.23(ANG),THIRD,WSP,WSP-31,EVET,0
IC CAPTURE 03.02.2024-ANG,FIRST,BSP,BSP-20,,3.32
IC CAPTURE 03.02.2024-ANG,FIRST,BSP,BSP-37,,3.3
IC CAPTURE 03.02.2024-ANG,FIRST,BSP,BSP-39,,3.7
IC CAPTURE 03.02.2024-ANG,FIRST,BSP,BSP-41,,3.22
IC CAPTURE 03.02.2024-ANG,FIRST,BSP,BSP-44,,2.9
IC CAPTURE 03.02.2024-ANG,FIRST,C,C-38,,3.72
IC CAPTURE 03.02.2024-ANG,FIRST,C,C-41,,3.44
IC CAPTURE 03.02.2024-ANG,FIRST,C,C-42,,4.18
IC CAPTURE 03.02.2024-ANG,FIRST,C,C-43,,3.68
IC CAPTURE 03.02.2024-ANG,FIRST,C,C-44,,3.54
IC CAPTURE 03.02.2024-ANG,FIRST,HC,HC-18,,4.24
IC CAPTURE 03.02.2024-ANG,FIRST,HC,HC-19,,4.28
IC CAPTURE 03.02.2024-ANG,FIRST,HC,HC-20,,4.18
IC CAPTURE 03.02.2024-ANG,FIRST,HC,HC-36,,6.4
IC CAPTURE 03.02.2024-ANG,FIRST,HC,HC-39,,3.72
IC CAPTURE 03.02.2024-ANG,FIRST,WSP,WSP-36,,6.12
IC CAPTURE 03.02.2024-ANG,FIRST,WSP,WSP-37,,4.68
IC CAPTURE 03.02.2024-ANG,FIRST,WSP,WSP-38,,3.96
IC CAPTURE 03.02.2024-ANG,FIRST,WSP,WSP-39,,4.68
IC CAPTURE 03.02.2024-ANG,FIRST,WSP,WSP-40,,5.52
IC CAPTURE 03.02.2024-ANG,SECOND,BSP,BSP-20,,3.0
IC CAPTURE 03.02.2024-ANG,SECOND,BSP,BSP-37,,3.28
IC CAPTURE 03.02.2024-ANG,SECOND,BSP,BSP-39,,4.18
IC CAPTURE 03.02.2024-ANG,SECOND,BSP,BSP-41,,3.0
IC CAPTURE 03.02.2024-ANG,SECOND,BSP,BSP-44,EVET,0
IC CAPTURE 03.02.2024-ANG,SECOND,C,C-38,,3.84
IC CAPTURE 03.02.2024-ANG,SECOND,C,C-41,EVET,0
IC CAPTURE 03.02.2024-ANG,SECOND,C,C-42,,3.64
IC CAPTURE 03.02.2024-ANG,SECOND,C,C-43,EVET,0
IC CAPTURE 03.02.2024-ANG,SECOND,C,C-44,EVET,0
IC CAPTURE 03.02.2024-ANG,SECOND,HC,HC-18,,4.26
IC CAPTURE 03.02.2024-ANG,SECOND,HC,HC-19,,4.2
IC CAPTURE 03.02.2024-ANG,SECOND,HC,HC-20,,4.32
IC CAPTURE 03.02.2024-ANG,SECOND,HC,HC-36,EVET,0
IC CAPTURE 03.02.2024-ANG,SECOND,HC,HC-39,EVET,0
IC CAPTURE 03.02.2024-ANG,SECOND,WSP,WSP-36,EVET,0
IC CAPTURE 03.02.2024-ANG,SECOND,WSP,WSP-37,EVET,0
IC CAPTURE 03.02.2024-ANG,SECOND,WSP,WSP-38,EVET,0
IC CAPTURE 03.02.2024-ANG,SECOND,WSP,WSP-39,,4.7
IC CAPTURE 03.02.2024-ANG,SECOND,WSP,WSP-40,,5.62
IC CAPTURE 03.02.2024-ANG,THIRD,BSP,BSP-20,,2.96
IC CAPTURE 03.02.2024-ANG,THIRD,BSP,BSP-37,,3.04
IC CAPTURE 03.02.2024-ANG,THIRD,BSP,BSP-39,,3.88
IC CAPTURE 03.02.2024-ANG,THIRD,BSP,BSP-41,,3.46
IC CAPTURE 03.02.2024-ANG,THIRD,BSP,BSP-44,,3.54
IC CAPTURE 03.02.2024-ANG,THIRD,C,C-38,EVET,0
IC CAPTURE 03.02.2024-ANG,THIRD,C,C-41,EVET,0
IC CAPTURE 03.02.2024-ANG,THIRD,C,C-42,,2.78
IC CAPTURE 03.02.2024-ANG,THIRD,C,C-43,EVET,0
IC CAPTURE 03.02.2024-ANG,THIRD,C,C-44,EVET,0
IC CAPTURE 03.02.2024-ANG,THIRD,HC,HC-18,,4.04
IC CAPTURE 03.02.2024-ANG,THIRD,HC,HC-19,,4.12
IC CAPTURE 03.02.2024-ANG,THIRD,HC,HC-20,,3.9
IC CAPTURE 03.02.2024-ANG,THIRD,HC,HC-36,EVET,0
IC CAPTURE 03.02.2024-ANG,THIRD,HC,HC-39,EVET,0
IC CAPTURE 03.02.2024-ANG,THIRD,WSP,WSP-36,EVET,0
IC CAPTURE 03.02.2024-ANG,THIRD,WSP,WSP-37,EVET,0
IC CAPTURE 03.02.2024-ANG,THIRD,WSP,WSP-38,EVET,0
IC CAPTURE 03.02.2024-ANG,THIRD,WSP,WSP-39,EVET,0
IC CAPTURE 03.02.2024-ANG,THIRD,WSP,WSP-40,,5.6
IC CAPTURE 10.02.2024 ANG,FIRST,BSP,BSP-46,,3.88
IC CAPTURE 10.02.2024 ANG,FIRST,BSP,BSP-47,,3.78
IC CAPTURE 10.02.2024 ANG,FIRST,BSP,BSP-48,,3.86
IC CAPTURE 10.02.2024 ANG,FIRST,BSP,BSP-49,,3.76
IC CAPTURE 10.02.2024 ANG,FIRST,BSP,BSP-50,,3.3
IC CAPTURE 10.02.2024 ANG,FIRST,C,C-45,EVET,0
IC CAPTURE 10.02.2024 ANG,FIRST,C,C-46,,3.76
IC CAPTURE 10.02.2024 ANG,FIRST,C,C-47,,7.34
IC CAPTURE 10.02.2024 ANG,FIRST,C,C-49,,2.76
IC CAPTURE 10.02.2024 ANG,FIRST,C,C-50,,2.46
IC CAPTURE 10.02.2024 ANG,FIRST,HC,HC-40,,6.12
IC CAPTURE 10.02.2024 ANG,FIRST,HC,HC-41,,4.14
IC CAPTURE 10.02.2024 ANG,FIRST,HC,HC-42,,3.1
IC CAPTURE 10.02.2024 ANG,FIRST,HC,HC-43,,4.04
IC CAPTURE 10.02.2024 ANG,FIRST,HC,HC-44,,4.3
IC CAPTURE 10.02.2024 ANG,FIRST,HC,HC-45,,5.3
IC CAPTURE 10.02.2024 ANG,FIRST,HC,HC-46,,4.36
IC CAPTURE 10.02.2024 ANG,FIRST,HC,HC-47,,4.42
IC CAPTURE 10.02.2024 ANG,FIRST,HC,HC-48,,5.1
IC CAPTURE 10.02.2024 ANG,FIRST,HC,HC-50,,5.22
IC CAPTURE 10.02.2024 ANG,FIRST,WSP,WSP-41,,5.78
IC CAPTURE 10.02.2024 ANG,FIRST,WSP,WSP-42,,5.3
IC CAPTURE 10.02.2024 ANG,FIRST,WSP,WSP-43,,3.98
IC CAPTURE 10.02.2024 ANG,FIRST,WSP,WSP-44,,6.16
IC CAPTURE 10.02.2024 ANG,FIRST,WSP,WSP-45,,6.32
IC CAPTURE 10.02.2024 ANG,FIRST,WSP,WSP-46,,4.48
IC CAPTURE 10.02.2024 ANG,FIRST,WSP,WSP-47,,6.4
IC CAPTURE 10.02.2024 ANG,FIRST,WSP,WSP-48,,5.46
IC CAPTURE 10.02.2024 ANG,FIRST,WSP,WSP-49,,5.36
IC CAPTURE 10.02.2024 ANG,FIRST,WSP,WSP-50,,5.44
IC CAPTURE 10.02.2024 ANG,SECOND,BSP,BSP-46,,3.92
IC CAPTURE 10.02.2024 ANG,SECOND,BSP,BSP-47,,3.24
IC CAPTURE 10.02.2024 ANG,SECOND,BSP,BSP-48,,4.18
IC CAPTURE 10.02.2024 ANG,SECOND,BSP,BSP-49,,3.8
IC CAPTURE 10.02.2024 ANG,SECOND,BSP,BSP-50,,2.78
IC CAPTURE 10.02.2024 ANG,SECOND,C,C-45,EVET,0
IC CAPTURE 10.02.2024 ANG,SECOND,C,C-46,EVET,0
IC CAPTURE 10.02.2024 ANG,SECOND,C,C-47,EVET,0
IC CAPTURE 10.02.2024 ANG,SECOND,C,C-49,,2.68
IC CAPTURE 10.02.2024 ANG,SECOND,C,C-50,EVET,0
IC CAPTURE 10.02.2024 ANG,SECOND,HC,HC-40,EVET,0
IC CAPTURE 10.02.2024 ANG,SECOND,HC,HC-41,,4.86
IC CAPTURE 10.02.2024 ANG,SECOND,HC,HC-42,,3.72
IC CAPTURE 10.02.2024 ANG,SECOND,HC,HC-43,EVET,0
IC CAPTURE 10.02.2024 ANG,SECOND,HC,HC-44,,4.04
IC CAPTURE 10.02.2024 ANG,SECOND,HC,HC-45,EVET,0
IC CAPTURE 10.02.2024 ANG,SECOND,HC,HC-46,,4.06
IC CAPTURE 10.02.2024 ANG,SECOND,HC,HC-47,,4.24
IC CAPTURE 10.02.2024 ANG,SECOND,HC,HC-48,EVET,0
IC CAPTURE 10.02.2024 ANG,SECOND,HC,HC-50,EVET,0
IC CAPTURE 10.02.2024 ANG,SECOND,WSP,WSP-41,,3.92
IC CAPTURE 10.02.2024 ANG,SECOND,WSP,WSP-42,,5.16
IC CAPTURE 10.02.2024 ANG,SECOND,WSP,WSP-43,EVET,0
IC CAPTURE 10.02.2024 ANG,SECOND,WSP,WSP-44,,5.78
IC CAPTURE 10.02.2024 ANG,SECOND,WSP,WSP-45,,5.92
IC CAPTURE 10.02.2024 ANG,SECOND,WSP,WSP-46,,5.86
IC CAPTURE 10.02.2024 ANG,SECOND,WSP,WSP-47,EVET,0
IC CAPTURE 10.02.2024 ANG,SECOND,WSP,WSP-48,EVET,0
IC CAPTURE 10.02.2024 ANG,SECOND,WSP,WSP-49,,7.26
IC CAPTURE 10.02.2024 ANG,SECOND,WSP,WSP-50,,5.7
IC CAPTURE 10.02.2024 ANG,THIRD,BSP,BSP-46,,4.28
IC CAPTURE 10.02.2024 ANG,THIRD,BSP,BSP-47,,3.28
IC CAPTURE 10.02.2024 ANG,THIRD,BSP,BSP-48,EVET,0
IC CAPTURE 10.02.2024 ANG,THIRD,BSP,BSP-49,,4.82
IC CAPTURE 10.02.2024 ANG,THIRD,BSP,BSP-50,,3.26
IC CAPTURE 10.02.2024 ANG,THIRD,C,C-45,EVET,0
IC CAPTURE 10.02.2024 ANG,THIRD,C,C-46,EVET,0
IC CAPTURE 10.02.2024 ANG,THIRD,C,C-47,EVET,0
IC CAPTURE 10.02.2024 ANG,THIRD,C,C-49,,3.52
IC CAPTURE 10.02.2024 ANG,THIRD,C,C-50,EVET,0
IC CAPTURE 10.02.2024 ANG,THIRD,HC,HC-40,EVET,0
IC CAPTURE 10.02.2024 ANG,THIRD,HC,HC-41,,6.1
IC CAPTURE 10.02.2024 ANG,THIRD,HC,HC-42,,3.7
IC CAPTURE 10.02.2024 ANG,THIRD,HC,HC-43,EVET,0
IC CAPTURE 10.02.2024 ANG,THIRD,HC,HC-44,,4.18
IC CAPTURE 10.02.2024 ANG,THIRD,HC,HC-45,EVET,0
IC CAPTURE 10.02.2024 ANG,THIRD,HC,HC-46,,6.28
IC CAPTURE 10.02.2024 ANG,THIRD,HC,HC-47,,4.34
IC CAPTURE 10.02.2024 ANG,THIRD,HC,HC-48,EVET,0
IC CAPTURE 10.02.2024 ANG,THIRD,HC,HC-50,EVET,0
IC CAPTURE 10.02.2024 ANG,THIRD,WSP,WSP-41,,5.98
IC CAPTURE 10.02.2024 ANG,THIRD,WSP,WSP-42,,5.16
IC CAPTURE 10.02.2024 ANG,THIRD,WSP,WSP-43,EVET,0
IC CAPTURE 10.02.2024 ANG,THIRD,WSP,WSP-44,,5.82
IC CAPTURE 10.02.2024 ANG,THIRD,WSP,WSP-45,EVET,0
IC CAPTURE 10.02.2024 ANG,THIRD,WSP,WSP-46,,4.54
IC CAPTURE 10.02.2024 ANG,THIRD,WSP,WSP-47,EVET,0
IC CAPTURE 10.02.2024 ANG,THIRD,WSP,WSP-48,EVET,0
IC CAPTURE 10.02.2024 ANG,THIRD,WSP,WSP-49,,4.6
IC CAPTURE 10.02.2024 ANG,THIRD,WSP,WSP-50,EVET,0
IC CAPTURE 10.02.2024-MAK,FIRST,BSP,BSP-46,,1.94
IC CAPTURE 10.02.2024-MAK,FIRST,BSP,BSP-47,,3.82
IC CAPTURE 10.02.2024-MAK,FIRST,BSP,BSP-48,,3.9
IC CAPTURE 10.02.2024-MAK,FIRST,BSP,BSP-49,,4.1
IC CAPTURE 10.02.2024-MAK,FIRST,BSP,BSP-50,,3.52
IC CAPTURE 10.02.2024-MAK,FIRST,C,C-45,EVET,0
IC CAPTURE 10.02.2024-MAK,FIRST,C,C-46,,4.06
IC CAPTURE 10.02.2024-MAK,FIRST,C,C-47,,7.86
IC CAPTURE 10.02.2024-MAK,FIRST,C,C-49,,2.78
IC CAPTURE 10.02.2024-MAK,FIRST,C,C-50,,2.98
IC CAPTURE 10.02.2024-MAK,FIRST,HC,HC-40,,6.68
IC CAPTURE 10.02.2024-MAK,FIRST,HC,HC-41,,4.36
IC CAPTURE 10.02.2024-MAK,FIRST,HC,HC-42,,3.96
IC CAPTURE 10.02.2024-MAK,FIRST,HC,HC-43,,3.92
IC CAPTURE 10.02.2024-MAK,FIRST,HC,HC-44,,4.62
IC CAPTURE 10.02.2024-MAK,FIRST,HC,HC-45,,5.66
IC CAPTURE 10.02.2024-MAK,FIRST,HC,HC-46,,4.56
IC CAPTURE 10.02.2024-MAK,FIRST,HC,HC-47,,4.44
IC CAPTURE 10.02.2024-MAK,FIRST,HC,HC-48,,5.46
IC CAPTURE 10.02.2024-MAK,FIRST,HC,HC-50,,15.94
IC CAPTURE 10.02.2024-MAK,FIRST,WSP,WSP-41,,4.1
IC CAPTURE 10.02.2024-MAK,FIRST,WSP,WSP-42,,4.92
IC CAPTURE 10.02.2024-MAK,FIRST,WSP,WSP-43,,2.26
IC CAPTURE 10.02.2024-MAK,FIRST,WSP,WSP-44,,6.22
IC CAPTURE 10.02.2024-MAK,FIRST,WSP,WSP-45,,17.84
IC CAPTURE 10.02.2024-MAK,FIRST,WSP,WSP-46,,4.6
IC CAPTURE 10.02.2024-MAK,FIRST,WSP,WSP-47,,6.62
IC CAPTURE 10.02.2024-MAK,FIRST,WSP,WSP-48,,5.58
IC CAPTURE 10.02.2024-MAK,FIRST,WSP,WSP-49,,5.46
IC CAPTURE 10.02.2024-MAK,FIRST,WSP,WSP-50,,5.38
IC CAPTURE 10.02.2024-MAK,SECOND,BSP,BSP-46,,3.86
IC CAPTURE 10.02.2024-MAK,SECOND,BSP,BSP-47,,3.24
IC CAPTURE 10.02.2024-MAK,SECOND,BSP,BSP-48,,1.82
IC CAPTURE 10.02.2024-MAK,SECOND,BSP,BSP-49,,4.02
IC CAPTURE 10.02.2024-MAK,SECOND,BSP,BSP-50,,3.1
IC CAPTURE 10.02.2024-MAK,SECOND,C,C-45,EVET,0
IC CAPTURE 10.02.2024-MAK,SECOND,C,C-46,EVET,0
IC CAPTURE 10.02.2024-MAK,SECOND,C,C-47,EVET,0
IC CAPTURE 10.02.2024-MAK,SECOND,C,C-49,,2.8
IC CAPTURE 10.02.2024-MAK,SECOND,C,C-50,EVET,0
IC CAPTURE 10.02.2024-MAK,SECOND,HC,HC-40,EVET,0
IC CAPTURE 10.02.2024-MAK,SECOND,HC,HC-41,,6.98
IC CAPTURE 10.02.2024-MAK,SECOND,HC,HC-42,,3.76
IC CAPTURE 10.02.2024-MAK,SECOND,HC,HC-43,EVET,0
IC CAPTURE 10.02.2024-MAK,SECOND,HC,HC-44,,4.04
IC CAPTURE 10.02.2024-MAK,SECOND,HC,HC-45,EVET,0
IC CAPTURE 10.02.2024-MAK,SECOND,HC,HC-46,,2.46
IC CAPTURE 10.02.2024-MAK,SECOND,HC,HC-47,,4.34
IC CAPTURE 10.02.2024-MAK,SECOND,HC,HC-48,EVET,0
IC CAPTURE 10.02.2024-MAK,SECOND,HC,HC-50,EVET,0
IC CAPTURE 10.02.2024-MAK,SECOND,WSP,WSP-41,,4.5
IC CAPTURE 10.02.2024-MAK,SECOND,WSP,WSP-42,,5.46
IC CAPTURE 10.02.2024-MAK,SECOND,WSP,WSP-43,EVET,0
IC CAPTURE 10.02.2024-MAK,SECOND,WSP,WSP-44,,6.14
IC CAPTURE 10.02.2024-MAK,SECOND,WSP,WSP-45,,7.2
IC CAPTURE 10.02.2024-MAK,SECOND,WSP,WSP-46,,5.94
IC CAPTURE 10.02.2024-MAK,SECOND,WSP,WSP-47,EVET,0
IC CAPTURE 10.02.2024-MAK,SECOND,WSP,WSP-48,EVET,0
IC CAPTURE 10.02.2024-MAK,SECOND,WSP,WSP-49,,5.34
IC CAPTURE 10.02.2024-MAK,SECOND,WSP,WSP-50,,7.78
IC CAPTURE 10.02.2024-MAK,THIRD,BSP,BSP-46,,4.38
IC CAPTURE 10.02.2024-MAK,THIRD,BSP,BSP-47,,3.28
IC CAPTURE 10.02.2024-MAK,THIRD,BSP,BSP-48,EVET,0
IC CAPTURE 10.02.2024-MAK,THIRD,BSP,BSP-49,,4.84
IC CAPTURE 10.02.2024-MAK,THIRD,BSP,BSP-50,,3.28
IC CAPTURE 10.02.2024-MAK,THIRD,C,C-45,EVET,0
IC CAPTURE 10.02.2024-MAK,THIRD,C,C-46,EVET,0
IC CAPTURE 10.02.2024-MAK,THIRD,C,C-47,EVET,0
IC CAPTURE 10.02.2024-MAK,THIRD,C,C-49,,3.48
IC CAPTURE 10.02.2024-MAK,THIRD,C,C-50,EVET,0
IC CAPTURE 10.02.2024-MAK,THIRD,HC,HC-40,EVET,0
IC CAPTURE 10.02.2024-MAK,THIRD,HC,HC-41,,4.18
IC CAPTURE 10.02.2024-MAK,THIRD,HC,HC-42,,3.92
IC CAPTURE 10.02.2024-MAK,THIRD,HC,HC-43,EVET,0
IC CAPTURE 10.02.2024-MAK,THIRD,HC,HC-44,,4.28
IC CAPTURE 10.02.2024-MAK,THIRD,HC,HC-45,EVET,0
IC CAPTURE 10.02.2024-MAK,THIRD,HC,HC-46,,4.3
IC CAPTURE 10.02.2024-MAK,THIRD,HC,HC-47,,3.08
IC CAPTURE 10.02.2024-MAK,THIRD,HC,HC-48,EVET,0
IC CAPTURE 10.02.2024-MAK,THIRD,HC,HC-50,EVET,0
IC CAPTURE 10.02.2024-MAK,THIRD,WSP,WSP-41,,1.48
IC CAPTURE 10.02.2024-MAK,THIRD,WSP,WSP-42,,2.2
IC CAPTURE 10.02.2024-MAK,THIRD,WSP,WSP-43,EVET,0
IC CAPTURE 10.02.2024-MAK,THIRD,WSP,WSP-44,,6.1
IC CAPTURE 10.02.2024-MAK,THIRD,WSP,WSP-45,EVET,0
IC CAPTURE 10.02.2024-MAK,THIRD,WSP,WSP-46,,4.82
IC CAPTURE 10.02.2024-MAK,THIRD,WSP,WSP-47,EVET,0
IC CAPTURE 10.02.2024-MAK,THIRD,WSP,WSP-48,EVET,0
IC CAPTURE 10.02.2024-MAK,THIRD,WSP,WSP-49,,5.38
IC CAPTURE 10.02.2024-MAK,THIRD,WSP,WSP-50,EVET,0
IC CAPTURE 23.10.2024-ANG,FIRST,ABS C,C-1,,3.48
IC CAPTURE 23.10.2024-ANG,FIRST,ABS C,C-4,,6.22
IC CAPTURE 23.10.2024-ANG,FIRST,ABS C,C-10,,6.18
IC CAPTURE 23.10.2024-ANG,FIRST,ABS C,C-11,,5.34
IC CAPTURE 23.10.2024-ANG,FIRST,ABS C,C-16,,5.48
IC CAPTURE 23.10.2024-ANG,FIRST,ABS CUBE,CUBE-1,,4.42
IC CAPTURE 23.10.2024-ANG,FIRST,ABS CUBE,CUBE-2,,5.52
IC CAPTURE 23.10.2024-ANG,FIRST,ABS CUBE,CUBE-4,,4.94
IC CAPTURE 23.10.2024-ANG,FIRST,ABS CUBE,CUBE-7,,5.44
IC CAPTURE 23.10.2024-ANG,FIRST,ABS CUBE,CUBE-8,,4.18
IC CAPTURE 23.10.2024-ANG,FIRST,ABS EC,EC-1,,7.6
IC CAPTURE 23.10.2024-ANG,FIRST,ABS EC,EC-2,,5.82
IC CAPTURE 23.10.2024-ANG,FIRST,ABS EC,EC-3,,7.04
IC CAPTURE 23.10.2024-ANG,FIRST,ABS EC,EC-4,,6.18
IC CAPTURE 23.10.2024-ANG,FIRST,ABS EC,EC-5,,1.0
IC CAPTURE 23.10.2024-ANG,FIRST,ABS HC,HC-1,,7.9
IC CAPTURE 23.10.2024-ANG,FIRST,ABS HC,HC-2,,8.86
IC CAPTURE 23.10.2024-ANG,FIRST,ABS HC,HC-4,,6.0
IC CAPTURE 23.10.2024-ANG,FIRST,ABS HC,HC-6,,5.62
IC CAPTURE 23.10.2024-ANG,FIRST,ABS HC,HC-8,,8.94
IC CAPTURE 23.10.2024-ANG,SECOND,ABS C,C-1,,7.8
IC CAPTURE 23.10.2024-ANG,SECOND,ABS C,C-4,EVET,0
IC CAPTURE 23.10.2024-ANG,SECOND,ABS C,C-10,,10.22
IC CAPTURE 23.10.2024-ANG,SECOND,ABS C,C-11,EVET,0
IC CAPTURE 23.10.2024-ANG,SECOND,ABS C,C-16,,5.06
IC CAPTURE 23.10.2024-ANG,SECOND,ABS CUBE,CUBE-1,,4.84
IC CAPTURE 23.10.2024-ANG,SECOND,ABS CUBE,CUBE-2,,5.74
IC CAPTURE 23.10.2024-ANG,SECOND,ABS CUBE,CUBE-4,,4.88
IC CAPTURE 23.10.2024-ANG,SECOND,ABS CUBE,CUBE-7,,5.7
IC CAPTURE 23.10.2024-ANG,SECOND,ABS CUBE,CUBE-8,,4.04
IC CAPTURE 23.10.2024-ANG,SECOND,ABS EC,EC-1,,20.58
IC CAPTURE 23.10.2024-ANG,SECOND,ABS EC,EC-2,,6.78
IC CAPTURE 23.10.2024-ANG,SECOND,ABS EC,EC-3,,7.22
IC CAPTURE 23.10.2024-ANG,SECOND,ABS EC,EC-4,,7.8
IC CAPTURE 23.10.2024-ANG,SECOND,ABS EC,EC-5,,6.42
IC CAPTURE 23.10.2024-ANG,SECOND,ABS HC,HC-1,,6.12
IC CAPTURE 23.10.2024-ANG,SECOND,ABS HC,HC-2,,8.62
IC CAPTURE 23.10.2024-ANG,SECOND,ABS HC,HC-4,EVET,0
IC CAPTURE 23.10.2024-ANG,SECOND,ABS HC,HC-6,,5.7
IC CAPTURE 23.10.2024-ANG,SECOND,ABS HC,HC-8,,5.9
IC CAPTURE 23.10.2024-ANG,THIRD,ABS C,C-1,EVET,0
IC CAPTURE 23.10.2024-ANG,THIRD,ABS C,C-4,EVET,0
IC CAPTURE 23.10.2024-ANG,THIRD,ABS C,C-10,,5.44
IC CAPTURE 23.10.2024-ANG,THIRD,ABS C,C-11,EVET,0
IC CAPTURE 23.10.2024-ANG,THIRD,ABS C,C-16,,5.12
IC CAPTURE 23.10.2024-ANG,THIRD,ABS CUBE,CUBE-1,,2.68
IC CAPTURE 23.10.2024-ANG,THIRD,ABS CUBE,CUBE-2,,5.14
IC CAPTURE 23.10.2024-ANG,THIRD,ABS CUBE,CUBE-4,,5.38
IC CAPTURE 23.10.2024-ANG,THIRD,ABS CUBE,CUBE-7,,5.4
IC CAPTURE 23.10.2024-ANG,THIRD,ABS CUBE,CUBE-8,,4.9
IC CAPTURE 23.10.2024-ANG,THIRD,ABS EC,EC-1,,7.4
IC CAPTURE 23.10.2024-ANG,THIRD,ABS EC,EC-2,,7.44
IC CAPTURE 23.10.2024-ANG,THIRD,ABS EC,EC-3,,7.06
IC CAPTURE 23.10.2024-ANG,THIRD,ABS EC,EC-4,EVET,0
IC CAPTURE 23.10.2024-ANG,THIRD,ABS EC,EC-5,,6.58
IC CAPTURE 23.10.2024-ANG,THIRD,ABS HC,HC-1,,6.28
IC CAPTURE 23.10.2024-ANG,THIRD,ABS HC,HC-2,,8.74
IC CAPTURE 23.10.2024-ANG,THIRD,ABS HC,HC-4,EVET,0
IC CAPTURE 23.10.2024-ANG,THIRD,ABS HC,HC-6,,6.36
IC CAPTURE 23.10.2024-ANG,THIRD,ABS HC,HC-8,,6.2
IC CAPTURE 23.10.2024-MAK,FIRST,ABS C,C-1,,7.56
IC CAPTURE 23.10.2024-MAK,FIRST,ABS C,C-4,,4.22
IC CAPTURE 23.10.2024-MAK,FIRST,ABS C,C-10,,4.52
IC CAPTURE 23.10.2024-MAK,FIRST,ABS C,C-11,,6.54
IC CAPTURE 23.10.2024-MAK,FIRST,ABS C,C-16,,5.58
IC CAPTURE 23.10.2024-MAK,FIRST,ABS CUBE,CUBE-1,,4.48
IC CAPTURE 23.10.2024-MAK,FIRST,ABS CUBE,CUBE-4,,4.84
IC CAPTURE 23.10.2024-MAK,FIRST,ABS CUBE,CUBE-7,,9.5
IC CAPTURE 23.10.2024-MAK,FIRST,ABS CUBE,CUBE-8,,4.4
IC CAPTURE 23.10.2024-MAK,FIRST,ABS EC,EC-1,,7.7
IC CAPTURE 23.10.2024-MAK,FIRST,ABS EC,EC-2,,7.56
IC CAPTURE 23.10.2024-MAK,FIRST,ABS EC,EC-3,,7.14
IC CAPTURE 23.10.2024-MAK,FIRST,ABS EC,EC-4,,3.44
IC CAPTURE 23.10.2024-MAK,FIRST,ABS EC,EC-5,,6.88
IC CAPTURE 23.10.2024-MAK,FIRST,ABS HC,HC-1,,6.28
IC CAPTURE 23.10.2024-MAK,FIRST,ABS HC,HC-2,,9.34
IC CAPTURE 23.10.2024-MAK,FIRST,ABS HC,HC-4,,6.96
IC CAPTURE 23.10.2024-MAK,FIRST,ABS HC,HC-6,,5.9
IC CAPTURE 23.10.2024-MAK,FIRST,ABS HC,HC-8,,5.32
IC CAPTURE 23.10.2024-MAK,SECOND,ABS C,C-1,,4.36
IC CAPTURE 23.10.2024-MAK,SECOND,ABS C,C-4,EVET,0
IC CAPTURE 23.10.2024-MAK,SECOND,ABS C,C-10,,9.0
IC CAPTURE 23.10.2024-MAK,SECOND,ABS C,C-11,EVET,0
IC CAPTURE 23.10.2024-MAK,SECOND,ABS C,C-16,,2.5
IC CAPTURE 23.10.2024-MAK,SECOND,ABS CUBE,CUBE-1,,4.16
IC CAPTURE 23.10.2024-MAK,SECOND,ABS CUBE,CUBE-2,,5.96
IC CAPTURE 23.10.2024-MAK,SECOND,ABS CUBE,CUBE-4,,4.8
IC CAPTURE 23.10.2024-MAK,SECOND,ABS CUBE,CUBE-7,,5.66
IC CAPTURE 23.10.2024-MAK,SECOND,ABS CUBE,CUBE-8,,4.2
IC CAPTURE 23.10.2024-MAK,SECOND,ABS EC,EC-1,,8.04
IC CAPTURE 23.10.2024-MAK,SECOND,ABS EC,EC-2,,6.84
IC CAPTURE 23.10.2024-MAK,SECOND,ABS EC,EC-3,,7.62
IC CAPTURE 23.10.2024-MAK,SECOND,ABS EC,EC-4,,7.72
IC CAPTURE 23.10.2024-MAK,SECOND,ABS EC,EC-5,,5.94
IC CAPTURE 23.10.2024-MAK,SECOND,ABS HC,HC-1,,3.72
IC CAPTURE 23.10.2024-MAK,SECOND,ABS HC,HC-2,,3.32
IC CAPTURE 23.10.2024-MAK,SECOND,ABS HC,HC-4,EVET,0
IC CAPTURE 23.10.2024-MAK,SECOND,ABS HC,HC-6,,5.82
IC CAPTURE 23.10.2024-MAK,SECOND,ABS HC,HC-8,,16.9
IC CAPTURE 23.10.2024-MAK,THIRD,ABS C,C-1,EVET,0
IC CAPTURE 23.10.2024-MAK,THIRD,ABS C,C-4,EVET,0
IC CAPTURE 23.10.2024-MAK,THIRD,ABS C,C-10,,5.24
IC CAPTURE 23.10.2024-MAK,THIRD,ABS C,C-11,EVET,0
IC CAPTURE 23.10.2024-MAK,THIRD,ABS C,C-16,,4.9
IC CAPTURE 23.10.2024-MAK,THIRD,ABS CUBE,CUBE-1,,4.7
IC CAPTURE 23.10.2024-MAK,THIRD,ABS CUBE,CUBE-2,,6.5
IC CAPTURE 23.10.2024-MAK,THIRD,ABS CUBE,CUBE-4,,5.2
IC CAPTURE 23.10.2024-MAK,THIRD,ABS CUBE,CUBE-7,,3.3
IC CAPTURE 23.10.2024-MAK,THIRD,ABS CUBE,CUBE-8,,4.76
IC CAPTURE 23.10.2024-MAK,THIRD,ABS EC,EC-1,,6.58
IC CAPTURE 23.10.2024-MAK,THIRD,ABS EC,EC-2,,7.3
IC CAPTURE 23.10.2024-MAK,THIRD,ABS EC,EC-3,,5.92
IC CAPTURE 23.10.2024-MAK,THIRD,ABS EC,EC-4,EVET,0
IC CAPTURE 23.10.2024-MAK,THIRD,ABS EC,EC-5,,6.5
IC CAPTURE 23.10.2024-MAK,THIRD,ABS HC,HC-1,,6.08
IC CAPTURE 23.10.2024-MAK,THIRD,ABS HC,HC-2,,6.64
IC CAPTURE 23.10.2024-MAK,THIRD,ABS HC,HC-4,EVET,0
IC CAPTURE 23.10.2024-MAK,THIRD,ABS HC,HC-6,,5.92
IC CAPTURE 23.10.2024-MAK,THIRD,ABS HC,HC-8,EVET,0
IC CAPTURE 30.10.2024-ANG,FIRST,ABS C,C-2,,3.78
IC CAPTURE 30.10.2024-ANG,FIRST,ABS C,C-3,,4.28
IC CAPTURE 30.10.2024-ANG,FIRST,ABS C,C-5,,3.28
IC CAPTURE 30.10.2024-ANG,FIRST,ABS C,C-6,,3.96
IC CAPTURE 30.10.2024-ANG,FIRST,ABS C,C-9,,5.18
IC CAPTURE 30.10.2024-ANG,FIRST,ABS C,C-12,,6.3
IC CAPTURE 30.10.2024-ANG,FIRST,ABS C,C-15,,6.18
IC CAPTURE 30.10.2024-ANG,FIRST,ABS CUBE,CUBE-3,,4.54
IC CAPTURE 30.10.2024-ANG,FIRST,ABS CUBE,CUBE-5,,5.14
IC CAPTURE 30.10.2024-ANG,FIRST,ABS CUBE,CUBE-9,,5.18
IC CAPTURE 30.10.2024-ANG,FIRST,ABS CUBE,CUBE-10,,4.92
IC CAPTURE 30.10.2024-ANG,FIRST,ABS CUBE,CUBE-11,,5.42
IC CAPTURE 30.10.2024-ANG,FIRST,ABS EC,EC-6,,7.08
IC CAPTURE 30.10.2024-ANG,FIRST,ABS EC,EC-7,,6.58
IC CAPTURE 30.10.2024-ANG,FIRST,ABS EC,EC-8,,7.32
IC CAPTURE 30.10.2024-ANG,FIRST,ABS EC,EC-9,,7.36
IC CAPTURE 30.10.2024-ANG,FIRST,ABS HC,HC-3,,6.04
IC CAPTURE 30.10.2024-ANG,FIRST,ABS HC,HC-5,,6.58
IC CAPTURE 30.10.2024-ANG,FIRST,ABS HC,HC-7,,6.74
IC CAPTURE 30.10.2024-ANG,FIRST,ABS HC,HC-9,,6.24
IC CAPTURE 30.10.2024-ANG,SECOND,ABS C,C-2,,3.78
IC CAPTURE 30.10.2024-ANG,SECOND,ABS C,C-3,,3.78
IC CAPTURE 30.10.2024-ANG,SECOND,ABS C,C-5,,4.58
IC CAPTURE 30.10.2024-ANG,SECOND,ABS C,C-6,,4.84
IC CAPTURE 30.10.2024-ANG,SECOND,ABS C,C-9,,5.68
IC CAPTURE 30.10.2024-ANG,SECOND,ABS C,C-12,,6.04
IC CAPTURE 30.10.2024-ANG,SECOND,ABS C,C-15,,5.46
IC CAPTURE 30.10.2024-ANG,SECOND,ABS CUBE,CUBE-3,,4.28
IC CAPTURE 30.10.2024-ANG,SECOND,ABS CUBE,CUBE-5,,4.46
IC CAPTURE 30.10.2024-ANG,SECOND,ABS CUBE,CUBE-9,,5.18
IC CAPTURE 30.10.2024-ANG,SECOND,ABS CUBE,CUBE-10,,4.2
IC CAPTURE 30.10.2024-ANG,SECOND,ABS CUBE,CUBE-11,EVET,0
IC CAPTURE 30.10.2024-ANG,SECOND,ABS EC,EC-6,,7.74
IC CAPTURE 30.10.2024-ANG,SECOND,ABS EC,EC-7,,6.86
IC CAPTURE 30.10.2024-ANG,SECOND,ABS EC,EC-8,,7.14
IC CAPTURE 30.10.2024-ANG,SECOND,ABS EC,EC-9,,8.32
IC CAPTURE 30.10.2024-ANG,SECOND,ABS HC,HC-3,,6.88
IC CAPTURE 30.10.2024-ANG,SECOND,ABS HC,HC-5,,5.9
IC CAPTURE 30.10.2024-ANG,SECOND,ABS HC,HC-7,,6.3
IC CAPTURE 30.10.2024-ANG,SECOND,ABS HC,HC-9,,6.62
IC CAPTURE 30.10.2024-ANG,THIRD,ABS C,C-2,,8.98
IC CAPTURE 30.10.2024-ANG,THIRD,ABS C,C-3,,3.4
IC CAPTURE 30.10.2024-ANG,THIRD,ABS C,C-5,,3.74
IC CAPTURE 30.10.2024-ANG,THIRD,ABS C,C-6,,4.3
IC CAPTURE 30.10.2024-ANG,THIRD,ABS C,C-9,,5.26
IC CAPTURE 30.10.2024-ANG,THIRD,ABS C,C-12,,6.28
IC CAPTURE 30.10.2024-ANG,THIRD,ABS C,C-15,,5.26
IC CAPTURE 30.10.2024-ANG,THIRD,ABS CUBE,CUBE-3,,4.18
IC CAPTURE 30.10.2024-ANG,THIRD,ABS CUBE,CUBE-5,,4.36
IC CAPTURE 30.10.2024-ANG,THIRD,ABS CUBE,CUBE-9,,4.74
IC CAPTURE 30.10.2024-ANG,THIRD,ABS CUBE,CUBE-10,,3.92
IC CAPTURE 30.10.2024-ANG,THIRD,ABS CUBE,CUBE-11,,5.08
IC CAPTURE 30.10.2024-ANG,THIRD,ABS EC,EC-6,,7.6
IC CAPTURE 30.10.2024-ANG,THIRD,ABS EC,EC-7,,6.56
IC CAPTURE 30.10.2024-ANG,THIRD,ABS EC,EC-8,,7.12
IC CAPTURE 30.10.2024-ANG,THIRD,ABS EC,EC-9,,7.18
IC CAPTURE 30.10.2024-ANG,THIRD,ABS HC,HC-3,,6.16
IC CAPTURE 30.10.2024-ANG,THIRD,ABS HC,HC-5,,6.48
IC CAPTURE 30.10.2024-ANG,THIRD,ABS HC,HC-7,,5.8
IC CAPTURE 30.10.2024-ANG,THIRD,ABS HC,HC-9,,6.0
IC CAPTURE 30.10.2024-MAK,FIRST,ABS C,C-2,,3.9
IC CAPTURE 30.10.2024-MAK,FIRST,ABS C,C-3,,4.02
IC CAPTURE 30.10.2024-MAK,FIRST,ABS C,C-5,,3.8
IC CAPTURE 30.10.2024-MAK,FIRST,ABS C,C-6,,3.9
IC CAPTURE 30.10.2024-MAK,FIRST,ABS C,C-9,,5.2
IC CAPTURE 30.10.2024-MAK,FIRST,ABS C,C-12,,2.14
IC CAPTURE 30.10.2024-MAK,FIRST,ABS C,C-15,,2.46
IC CAPTURE 30.10.2024-MAK,FIRST,ABS CUBE,CUBE-3,,4.74
IC CAPTURE 30.10.2024-MAK,FIRST,ABS CUBE,CUBE-5,,5.56
IC CAPTURE 30.10.2024-MAK,FIRST,ABS CUBE,CUBE-9,,4.4
IC CAPTURE 30.10.2024-MAK,FIRST,ABS CUBE,CUBE-10,,5.4
IC CAPTURE 30.10.2024-MAK,FIRST,ABS CUBE,CUBE-11,,5.76
IC CAPTURE 30.10.2024-MAK,FIRST,ABS EC,EC-6,,8.0
IC CAPTURE 30.10.2024-MAK,FIRST,ABS EC,EC-7,,1.46
IC CAPTURE 30.10.2024-MAK,FIRST,ABS EC,EC-8,,7.5
IC CAPTURE 30.10.2024-MAK,FIRST,ABS EC,EC-9,,7.72
IC CAPTURE 30.10.2024-MAK,FIRST,ABS HC,HC-3,,4.9
IC CAPTURE 30.10.2024-MAK,FIRST,ABS HC,HC-5,,6.9
IC CAPTURE 30.10.2024-MAK,FIRST,ABS HC,HC-7,,7.02
IC CAPTURE 30.10.2024-MAK,FIRST,ABS HC,HC-9,,4.32
IC CAPTURE 30.10.2024-MAK,SECOND,ABS C,C-2,,3.58
IC CAPTURE 30.10.2024-MAK,SECOND,ABS C,C-3,,3.88
IC CAPTURE 30.10.2024-MAK,SECOND,ABS C,C-5,,4.8
IC CAPTURE 30.10.2024-MAK,SECOND,ABS C,C-6,,5.2
IC CAPTURE 30.10.2024-MAK,SECOND,ABS C,C-9,,5.78
IC CAPTURE 30.10.2024-MAK,SECOND,ABS C,C-12,,4.58
IC CAPTURE 30.10.2024-MAK,SECOND,ABS C,C-15,,5.84
IC CAPTURE 30.10.2024-MAK,SECOND,ABS CUBE,CUBE-3,,4.42
IC CAPTURE 30.10.2024-MAK,SECOND,ABS CUBE,CUBE-5,,4.52
IC CAPTURE 30.10.2024-MAK,SECOND,ABS CUBE,CUBE-9,,5.32
IC CAPTURE 30.10.2024-MAK,SECOND,ABS CUBE,CUBE-10,,4.4
IC CAPTURE 30.10.2024-MAK,SECOND,ABS CUBE,CUBE-11,EVET,0
IC CAPTURE 30.10.2024-MAK,SECOND,ABS EC,EC-6,,6.26
IC CAPTURE 30.10.2024-MAK,SECOND,ABS EC,EC-7,,6.66
IC CAPTURE 30.10.2024-MAK,SECOND,ABS EC,EC-8,,7.08
IC CAPTURE 30.10.2024-MAK,SECOND,ABS EC,EC-9,,8.18
IC CAPTURE 30.10.2024-MAK,SECOND,ABS HC,HC-3,,6.84
IC CAPTURE 30.10.2024-MAK,SECOND,ABS HC,HC-5,,6.06
IC CAPTURE 30.10.2024-MAK,SECOND,ABS HC,HC-7,,9.12
IC CAPTURE 30.10.2024-MAK,SECOND,ABS HC,HC-9,,6.84
IC CAPTURE 30.10.2024-MAK,THIRD,ABS C,C-2,EVET,0
IC CAPTURE 30.10.2024-MAK,THIRD,ABS C,C-3,EVET,0
IC CAPTURE 30.10.2024-MAK,THIRD,ABS C,C-5,EVET,0
IC CAPTURE 30.10.2024-MAK,THIRD,ABS C,C-6,EVET,0
IC CAPTURE 30.10.2024-MAK,THIRD,ABS C,C-9,EVET,0
IC CAPTURE 30.10.2024-MAK,THIRD,ABS C,C-12,EVET,0
IC CAPTURE 30.10.2024-MAK,THIRD,ABS C,C-15,EVET,0
IC CAPTURE 30.10.2024-MAK,THIRD,ABS CUBE,CUBE-3,EVET,0
IC CAPTURE 30.10.2024-MAK,THIRD,ABS CUBE,CUBE-5,EVET,0
IC CAPTURE 30.10.2024-MAK,THIRD,ABS CUBE,CUBE-9,EVET,0
IC CAPTURE 30.10.2024-MAK,THIRD,ABS CUBE,CUBE-10,EVET,0
IC CAPTURE 30.10.2024-MAK,THIRD,ABS CUBE,CUBE-11,EVET,0
IC CAPTURE 30.10.2024-MAK,THIRD,ABS EC,EC-6,EVET,0
IC CAPTURE 30.10.2024-MAK,THIRD,ABS EC,EC-7,EVET,0
IC CAPTURE 30.10.2024-MAK,THIRD,ABS EC,EC-8,EVET,0
IC CAPTURE 30.10.2024-MAK,THIRD,ABS EC,EC-9,EVET,0
IC CAPTURE 30.10.2024-MAK,THIRD,ABS HC,HC-3,EVET,0
IC CAPTURE 30.10.2024-MAK,THIRD,ABS HC,HC-5,EVET,0
IC CAPTURE 30.10.2024-MAK,THIRD,ABS HC,HC-7,EVET,0
IC CAPTURE 30.10.2024-MAK,THIRD,ABS HC,HC-9,EVET,0
IC CAPTURE 06.11.2024-ANG,FIRST,ABS C,C-7,,5.86
IC CAPTURE 06.11.2024-ANG,FIRST,ABS C,C-8,,4.14
IC CAPTURE 06.11.2024-ANG,FIRST,ABS C,C-13,EVET,0
IC CAPTURE 06.11.2024-ANG,FIRST,ABS C,C-14,,5.36
IC CAPTURE 06.11.2024-ANG,FIRST,ABS C,C-17,,5.2
IC CAPTURE 06.11.2024-ANG,FIRST,ABS CUBE,CUBE-6,,5.46
IC CAPTURE 06.11.2024-ANG,FIRST,ABS CUBE,CUBE-12,,5.66
IC CAPTURE 06.11.2024-ANG,SECOND,ABS C,C-7,EVET,0
IC CAPTURE 06.11.2024-ANG,SECOND,ABS C,C-8,,4.08
IC CAPTURE 06.11.2024-ANG,SECOND,ABS C,C-13,EVET,0
IC CAPTURE 06.11.2024-ANG,SECOND,ABS C,C-14,EVET,0
IC CAPTURE 06.11.2024-ANG,SECOND,ABS C,C-17,EVET,0
IC CAPTURE 06.11.2024-ANG,SECOND,ABS CUBE,CUBE-6,EVET,0
IC CAPTURE 06.11.2024-ANG,SECOND,ABS CUBE,CUBE-12,EVET,0
IC CAPTURE 06.11.2024-ANG,THIRD,ABS C,C-7,EVET,0
IC CAPTURE 06.11.2024-ANG,THIRD,ABS C,C-8,EVET,0
IC CAPTURE 06.11.2024-ANG,THIRD,ABS C,C-13,EVET,0
IC CAPTURE 06.11.2024-ANG,THIRD,ABS C,C-14,EVET,0
IC CAPTURE 06.11.2024-ANG,THIRD,ABS C,C-17,EVET,0
IC CAPTURE 06.11.2024-ANG,THIRD,ABS CUBE,CUBE-6,EVET,0
IC CAPTURE 06.11.2024-ANG,THIRD,ABS CUBE,CUBE-12,EVET,0
IC CAPTURE 06.11.2024-MAK,FIRST,ABS C,C-7,,4.5
IC CAPTURE 06.11.2024-MAK,FIRST,ABS C,C-8,,4.34
IC CAPTURE 06.11.2024-MAK,FIRST,ABS C,C-13,,6.4
IC CAPTURE 06.11.2024-MAK,FIRST,ABS C,C-14,,5.62
IC CAPTURE 06.11.2024-MAK,FIRST,ABS C,C-17,,4.74
IC CAPTURE 06.11.2024-MAK,FIRST,ABS CUBE,CUBE-6,,4.8
IC CAPTURE 06.11.2024-MAK,FIRST,ABS CUBE,CUBE-12,,5.42
IC CAPTURE 06.11.2024-MAK,SECOND,ABS C,C-7,EVET,0
IC CAPTURE 06.11.2024-MAK,SECOND,ABS C,C-8,,3.96
IC CAPTURE 06.11.2024-MAK,SECOND,ABS C,C-13,EVET,0
IC CAPTURE 06.11.2024-MAK,SECOND,ABS C,C-14,EVET,0
IC CAPTURE 06.11.2024-MAK,SECOND,ABS C,C-17,,3.94
IC CAPTURE 06.11.2024-MAK,SECOND,ABS CUBE,CUBE-6,EVET,0
IC CAPTURE 06.11.2024-MAK,SECOND,ABS CUBE,CUBE-12,EVET,0
IC CAPTURE 06.11.2024-MAK,THIRD,ABS C,C-7,EVET,0
IC CAPTURE 06.11.2024-MAK,THIRD,ABS C,C-8,EVET,0
IC CAPTURE 06.11.2024-MAK,THIRD,ABS C,C-13,EVET,0
IC CAPTURE 06.11.2024-MAK,THIRD,ABS C,C-14,EVET,0
IC CAPTURE 06.11.2024-MAK,THIRD,ABS C,C-17,EVET,0
IC CAPTURE 06.11.2024-MAK,THIRD,ABS CUBE,CUBE-6,EVET,0
IC CAPTURE 06.11.2024-MAK,THIRD,ABS CUBE,CUBE-12,EVET,0
IC CAPTURE 16.11.2024-ANG,FIRST,PLA C,C-1,,2.54
IC CAPTURE 16.11.2024-ANG,FIRST,PLA C,C-3,,2.66
IC CAPTURE 16.11.2024-ANG,FIRST,PLA C,C-5,,2.36
IC CAPTURE 16.11.2024-ANG,FIRST,PLA C,C-9,,2.38
IC CAPTURE 16.11.2024-ANG,FIRST,PLA C,C-16,,2.82
IC CAPTURE 16.11.2024-ANG,FIRST,PLA C,C-19,,4.28
IC CAPTURE 16.11.2024-ANG,FIRST,PLA C,C-21,,2.8
IC CAPTURE 16.11.2024-ANG,FIRST,PLA C,C-25,,4.64
IC CAPTURE 16.11.2024-ANG,FIRST,PLA C,C-27,,2.42
IC CAPTURE 16.11.2024-ANG,FIRST,PLA CUBE,CUBE-1,,2.6
IC CAPTURE 16.11.2024-ANG,FIRST,PLA CUBE,CUBE-2,,2.82
IC CAPTURE 16.11.2024-ANG,FIRST,PLA CUBE,CUBE-3,,2.86
IC CAPTURE 16.11.2024-ANG,FIRST,PLA CUBE,CUBE-4,,2.86
IC CAPTURE 16.11.2024-ANG,FIRST,PLA CUBE,CUBE-7,,2.9
IC CAPTURE 16.11.2024-ANG,FIRST,PLA CUBE,CUBE-11,,3.22
IC CAPTURE 16.11.2024-ANG,FIRST,PLA CUBE,CUBE-14,,2.76
IC CAPTURE 16.11.2024-ANG,FIRST,PLA CUBE,CUBE-23,,2.92
IC CAPTURE 16.11.2024-ANG,FIRST,PLA CUBE,CUBE-27,,2.9
IC CAPTURE 16.11.2024-ANG,FIRST,PLA HC,HC-1,,3.56
IC CAPTURE 16.11.2024-ANG,FIRST,PLA HC,HC-2,,5.08
IC CAPTURE 16.11.2024-ANG,SECOND,PLA C,C-1,,3.0
IC CAPTURE 16.11.2024-ANG,SECOND,PLA C,C-3,,2.58
IC CAPTURE 16.11.2024-ANG,SECOND,PLA C,C-5,,2.26
IC CAPTURE 16.11.2024-ANG,SECOND,PLA C,C-9,,2.34
IC CAPTURE 16.11.2024-ANG,SECOND,PLA C,C-16,,2.8
IC CAPTURE 16.11.2024-ANG,SECOND,PLA C,C-19,,4.4
IC CAPTURE 16.11.2024-ANG,SECOND,PLA C,C-21,,2.58
IC CAPTURE 16.11.2024-ANG,SECOND,PLA C,C-25,,4.64
IC CAPTURE 16.11.2024-ANG,SECOND,PLA C,C-27,,2.54
IC CAPTURE 16.11.2024-ANG,SECOND,PLA CUBE,CUBE-1,,2.94
IC CAPTURE 16.11.2024-ANG,SECOND,PLA CUBE,CUBE-2,,2.84
IC CAPTURE 16.11.2024-ANG,SECOND,PLA CUBE,CUBE-3,,2.94
IC CAPTURE 16.11.2024-ANG,SECOND,PLA CUBE,CUBE-4,,2.36
IC CAPTURE 16.11.2024-ANG,SECOND,PLA CUBE,CUBE-7,,3.16
IC CAPTURE 16.11.2024-ANG,SECOND,PLA CUBE,CUBE-11,,3.1
IC CAPTURE 16.11.2024-ANG,SECOND,PLA CUBE,CUBE-14,,2.92
IC CAPTURE 16.11.2024-ANG,SECOND,PLA CUBE,CUBE-23,,3.3
IC CAPTURE 16.11.2024-ANG,SECOND,PLA CUBE,CUBE-27,,2.84
IC CAPTURE 16.11.2024-ANG,SECOND,PLA HC,HC-1,,3.4
IC CAPTURE 16.11.2024-ANG,SECOND,PLA HC,HC-2,EVET,0
IC CAPTURE 16.11.2024-ANG,THIRD,PLA C,C-1,,2.52
IC CAPTURE 16.11.2024-ANG,THIRD,PLA C,C-3,,2.6
IC CAPTURE 16.11.2024-ANG,THIRD,PLA C,C-5,,2.38
IC CAPTURE 16.11.2024-ANG,THIRD,PLA C,C-9,,2.32
IC CAPTURE 16.11.2024-ANG,THIRD,PLA C,C-16,,2.76
IC CAPTURE 16.11.2024-ANG,THIRD,PLA C,C-19,,4.42
IC CAPTURE 16.11.2024-ANG,THIRD,PLA C,C-21,EVET,0
IC CAPTURE 16.11.2024-ANG,THIRD,PLA C,C-25,,4.48
IC CAPTURE 16.11.2024-ANG,THIRD,PLA C,C-27,,3.06
IC CAPTURE 16.11.2024-ANG,THIRD,PLA CUBE,CUBE-1,,2.48
IC CAPTURE 16.11.2024-ANG,THIRD,PLA CUBE,CUBE-2,,2.96
IC CAPTURE 16.11.2024-ANG,THIRD,PLA CUBE,CUBE-3,,2.82
IC CAPTURE 16.11.2024-ANG,THIRD,PLA CUBE,CUBE-4,,2.94
IC CAPTURE 16.11.2024-ANG,THIRD,PLA CUBE,CUBE-7,,2.98
IC CAPTURE 16.11.2024-ANG,THIRD,PLA CUBE,CUBE-11,,2.98
IC CAPTURE 16.11.2024-ANG,THIRD,PLA CUBE,CUBE-14,,2.76
IC CAPTURE 16.11.2024-ANG,THIRD,PLA CUBE,CUBE-23,,3.16
IC CAPTURE 16.11.2024-ANG,THIRD,PLA CUBE,CUBE-27,,2.72
IC CAPTURE 16.11.2024-ANG,THIRD,PLA HC,HC-1,,3.5
IC CAPTURE 16.11.2024-ANG,THIRD,PLA HC,HC-2,EVET,0
IC CAPTURE 16.11.2024-MAK,FIRST,PLA C,C-1,,2.6
IC CAPTURE 16.11.2024-MAK,FIRST,PLA C,C-3,,2.8
IC CAPTURE 16.11.2024-MAK,FIRST,PLA C,C-5,,2.42
IC CAPTURE 16.11.2024-MAK,FIRST,PLA C,C-9,,2.5
IC CAPTURE 16.11.2024-MAK,FIRST,PLA C,C-16,,2.96
IC CAPTURE 16.11.2024-MAK,FIRST,PLA C,C-19,,13.36
IC CAPTURE 16.11.2024-MAK,FIRST,PLA C,C-21,,2.92
IC CAPTURE 16.11.2024-MAK,FIRST,PLA C,C-25,,4.78
IC CAPTURE 16.11.2024-MAK,FIRST,PLA C,C-27,,2.56
IC CAPTURE 16.11.2024-MAK,FIRST,PLA CUBE,CUBE-1,,2.6
IC CAPTURE 16.11.2024-MAK,FIRST,PLA CUBE,CUBE-2,,2.8
IC CAPTURE 16.11.2024-MAK,FIRST,PLA CUBE,CUBE-3,,2.9
IC CAPTURE 16.11.2024-MAK,FIRST,PLA CUBE,CUBE-4,,3.04
IC CAPTURE 16.11.2024-MAK,FIRST,PLA CUBE,CUBE-7,,3.16
IC CAPTURE 16.11.2024-MAK,FIRST,PLA CUBE,CUBE-11,,3.14
IC CAPTURE 16.11.2024-MAK,FIRST,PLA CUBE,CUBE-14,,2.88
IC CAPTURE 16.11.2024-MAK,FIRST,PLA CUBE,CUBE-23,,3.28
IC CAPTURE 16.11.2024-MAK,FIRST,PLA CUBE,CUBE-27,,2.9
IC CAPTURE 16.11.2024-MAK,FIRST,PLA HC,HC-1,,3.7
IC CAPTURE 16.11.2024-MAK,FIRST,PLA HC,HC-2,,4.26
IC CAPTURE 16.11.2024-MAK,SECOND,PLA C,C-1,,3.16
IC CAPTURE 16.11.2024-MAK,SECOND,PLA C,C-3,,2.86
IC CAPTURE 16.11.2024-MAK,SECOND,PLA C,C-5,,2.44
IC CAPTURE 16.11.2024-MAK,SECOND,PLA C,C-9,,2.38
IC CAPTURE 16.11.2024-MAK,SECOND,PLA C,C-16,,2.94
IC CAPTURE 16.11.2024-MAK,SECOND,PLA C,C-19,,4.5
IC CAPTURE 16.11.2024-MAK,SECOND,PLA C,C-21,,2.6
IC CAPTURE 16.11.2024-MAK,SECOND,PLA C,C-25,,4.68
IC CAPTURE 16.11.2024-MAK,SECOND,PLA C,C-27,EVET,0
IC CAPTURE 16.11.2024-MAK,SECOND,PLA CUBE,CUBE-1,,3.16
IC CAPTURE 16.11.2024-MAK,SECOND,PLA CUBE,CUBE-2,,3.02
IC CAPTURE 16.11.2024-MAK,SECOND,PLA CUBE,CUBE-3,,1.66
IC CAPTURE 16.11.2024-MAK,SECOND,PLA CUBE,CUBE-4,,2.54
IC CAPTURE 16.11.2024-MAK,SECOND,PLA CUBE,CUBE-7,,3.34
IC CAPTURE 16.11.2024-MAK,SECOND,PLA CUBE,CUBE-11,,3.2
IC CAPTURE 16.11.2024-MAK,SECOND,PLA CUBE,CUBE-14,,2.86
IC CAPTURE 16.11.2024-MAK,SECOND,PLA CUBE,CUBE-23,,3.22
IC CAPTURE 16.11.2024-MAK,SECOND,PLA CUBE,CUBE-27,,2.94
IC CAPTURE 16.11.2024-MAK,SECOND,PLA HC,HC-1,,3.64
IC CAPTURE 16.11.2024-MAK,SECOND,PLA HC,HC-2,EVET,0
IC CAPTURE 16.11.2024-MAK,THIRD,PLA C,C-1,,2.68
IC CAPTURE 16.11.2024-MAK,THIRD,PLA C,C-3,,2.72
IC CAPTURE 16.11.2024-MAK,THIRD,PLA C,C-5,,2.42
IC CAPTURE 16.11.2024-MAK,THIRD,PLA C,C-9,,2.34
IC CAPTURE 16.11.2024-MAK,THIRD,PLA C,C-16,,2.98
IC CAPTURE 16.11.2024-MAK,THIRD,PLA C,C-19,EVET,0
IC CAPTURE 16.11.2024-MAK,THIRD,PLA C,C-21,EVET,0
IC CAPTURE 16.11.2024-MAK,THIRD,PLA C,C-25,,4.96
IC CAPTURE 16.11.2024-MAK,THIRD,PLA C,C-27,,3.18
IC CAPTURE 16.11.2024-MAK,THIRD,PLA CUBE,CUBE-1,EVET,0
IC CAPTURE 16.11.2024-MAK,THIRD,PLA CUBE,CUBE-2,,3.1
IC CAPTURE 16.11.2024-MAK,THIRD,PLA CUBE,CUBE-3,,3.0
IC CAPTURE 16.11.2024-MAK,THIRD,PLA CUBE,CUBE-4,,2.98
IC CAPTURE 16.11.2024-MAK,THIRD,PLA CUBE,CUBE-7,,2.94
IC CAPTURE 16.11.2024-MAK,THIRD,PLA CUBE,CUBE-11,,2.96
IC CAPTURE 16.11.2024-MAK,THIRD,PLA CUBE,CUBE-14,,2.98
IC CAPTURE 16.11.2024-MAK,THIRD,PLA CUBE,CUBE-23,,3.24
IC CAPTURE 16.11.2024-MAK,THIRD,PLA CUBE,CUBE-27,,3.02
IC CAPTURE 16.11.2024-MAK,THIRD,PLA HC,HC-1,,3.88
IC CAPTURE 16.11.2024-MAK,THIRD,PLA HC,HC-2,EVET,0
IC CAPTURE 20.11.2024-ANG,FIRST,PLA C,C-2,,2.5
IC CAPTURE 20.11.2024-ANG,FIRST,PLA C,C-7,,2.66
IC CAPTURE 20.11.2024-ANG,FIRST,PLA C,C-12,,2.9
IC CAPTURE 20.11.2024-ANG,FIRST,PLA C,C-13,,2.5
IC CAPTURE 20.11.2024-ANG,FIRST,PLA C,C-29,,4.16
IC CAPTURE 20.11.2024-ANG,FIRST,PLA HC,HC-3,,3.26
IC CAPTURE 20.11.2024-ANG,FIRST,PLA HC,HC-4,,4.3
IC CAPTURE 20.11.2024-ANG,FIRST,PLA HC,HC-5,,4.02
IC CAPTURE 20.11.2024-ANG,FIRST,PLA HC,HC-6,,3.76
IC CAPTURE 20.11.2024-ANG,FIRST,PLA HC,HC-8,,4.1
IC CAPTURE 20.11.2024-ANG,SECOND,PLA C,C-2,,2.78
IC CAPTURE 20.11.2024-ANG,SECOND,PLA C,C-7,,2.54
IC CAPTURE 20.11.2024-ANG,SECOND,PLA C,C-12,,3.1
IC CAPTURE 20.11.2024-ANG,SECOND,PLA C,C-13,,2.42
IC CAPTURE 20.11.2024-ANG,SECOND,PLA C,C-29,,4.38
IC CAPTURE 20.11.2024-ANG,SECOND,PLA HC,HC-3,,3.6
IC CAPTURE 20.11.2024-ANG,SECOND,PLA HC,HC-4,,4.02
IC CAPTURE 20.11.2024-ANG,SECOND,PLA HC,HC-5,EVET,0
IC CAPTURE 20.11.2024-ANG,SECOND,PLA HC,HC-6,EVET,0
IC CAPTURE 20.11.2024-ANG,SECOND,PLA HC,HC-8,EVET,0
IC CAPTURE 20.11.2024-ANG,THIRD,PLA C,C-2,,2.76
IC CAPTURE 20.11.2024-ANG,THIRD,PLA C,C-7,,3.08
IC CAPTURE 20.11.2024-ANG,THIRD,PLA C,C-12,,2.66
IC CAPTURE 20.11.2024-ANG,THIRD,PLA C,C-13,,2.28
IC CAPTURE 20.11.2024-ANG,THIRD,PLA C,C-29,,4.42
IC CAPTURE 20.11.2024-ANG,THIRD,PLA HC,HC-3,,3.7
IC CAPTURE 20.11.2024-ANG,THIRD,PLA HC,HC-4,,4.08
IC CAPTURE 20.11.2024-ANG,THIRD,PLA HC,HC-5,EVET,0
IC CAPTURE 20.11.2024-ANG,THIRD,PLA HC,HC-6,EVET,0
IC CAPTURE 20.11.2024-ANG,THIRD,PLA HC,HC-8,EVET,0
IC CAPTURE 20.11.2024-MAK,FIRST,PLA C,C-2,,2.66
IC CAPTURE 20.11.2024-MAK,FIRST,PLA C,C-7,,2.68
IC CAPTURE 20.11.2024-MAK,FIRST,PLA C,C-12,,3.08
IC CAPTURE 20.11.2024-MAK,FIRST,PLA C,C-13,,2.62
IC CAPTURE 20.11.2024-MAK,FIRST,PLA C,C-29,,4.4
IC CAPTURE 20.11.2024-MAK,FIRST,PLA HC,HC-3,,5.86
IC CAPTURE 20.11.2024-MAK,FIRST,PLA HC,HC-4,,4.34
IC CAPTURE 20.11.2024-MAK,FIRST,PLA HC,HC-5,,3.98
IC CAPTURE 20.11.2024-MAK,FIRST,PLA HC,HC-6,,3.76
IC CAPTURE 20.11.2024-MAK,FIRST,PLA HC,HC-8,,4.12
IC CAPTURE 20.11.2024-MAK,SECOND,PLA C,C-2,,2.82
IC CAPTURE 20.11.2024-MAK,SECOND,PLA C,C-7,,2.7
IC CAPTURE 20.11.2024-MAK,SECOND,PLA C,C-12,,3.14
IC CAPTURE 20.11.2024-MAK,SECOND,PLA C,C-13,,2.56
IC CAPTURE 20.11.2024-MAK,SECOND,PLA C,C-29,,4.18
IC CAPTURE 20.11.2024-MAK,SECOND,PLA HC,HC-3,,3.72
IC CAPTURE 20.11.2024-MAK,SECOND,PLA HC,HC-4,,4.16
IC CAPTURE 20.11.2024-MAK,SECOND,PLA HC,HC-5,EVET,0
IC CAPTURE 20.11.2024-MAK,SECOND,PLA HC,HC-6,EVET,0
IC CAPTURE 20.11.2024-MAK,SECOND,PLA HC,HC-8,EVET,0
IC CAPTURE 20.11.2024-MAK,THIRD,PLA C,C-2,,2.76
IC CAPTURE 20.11.2024-MAK,THIRD,PLA C,C-7,,3.06
IC CAPTURE 20.11.2024-MAK,THIRD,PLA C,C-12,,2.72
IC CAPTURE 20.11.2024-MAK,THIRD,PLA C,C-13,,2.42
IC CAPTURE 20.11.2024-MAK,THIRD,PLA C,C-29,,4.7
IC CAPTURE 20.11.2024-MAK,THIRD,PLA HC,HC-3,,3.72
IC CAPTURE 20.11.2024-MAK,THIRD,PLA HC,HC-4,,4.22
IC CAPTURE 20.11.2024-MAK,THIRD,PLA HC,HC-5,EVET,0
IC CAPTURE 20.11.2024-MAK,THIRD,PLA HC,HC-6,EVET,0
IC CAPTURE 20.11.2024-MAK,THIRD,PLA HC,HC-8,EVET,0
IC CAPTURE 23.11.2024-ANG,FIRST,PLA C,C-4,,2.5
IC CAPTURE 23.11.2024-ANG,FIRST,PLA C,C-6,,2.84
IC CAPTURE 23.11.2024-ANG,FIRST,PLA C,C-8,,2.7
IC CAPTURE 23.11.2024-ANG,FIRST,PLA C,C-11,,2.46
IC CAPTURE 23.11.2024-ANG,FIRST,PLA C,C-15,,2.92
IC CAPTURE 23.11.2024-ANG,FIRST,PLA C,C-20,,2.36
IC CAPTURE 23.11.2024-ANG,FIRST,PLA C,C-28,,2.62
IC CAPTURE 23.11.2024-ANG,FIRST,PLA CUBE,CUBE-5,,2.9
IC CAPTURE 23.11.2024-ANG,FIRST,PLA CUBE,CUBE-6,,2.58
IC CAPTURE 23.11.2024-ANG,FIRST,PLA CUBE,CUBE-14,,3.12
IC CAPTURE 23.11.2024-ANG,FIRST,PLA CUBE,CUBE-15,,2.94
IC CAPTURE 23.11.2024-ANG,FIRST,PLA CUBE,CUBE-17,,4.52
IC CAPTURE 23.11.2024-ANG,FIRST,PLA CUBE,CUBE-19,,2.76
IC CAPTURE 23.11.2024-ANG,FIRST,PLA CUBE,CUBE-25,,2.96
IC CAPTURE 23.11.2024-ANG,FIRST,PLA CUBE,CUBE-28,,2.38
IC CAPTURE 23.11.2024-ANG,FIRST,PLA HC,HC-7,,2.22
IC CAPTURE 23.11.2024-ANG,FIRST,PLA HC,HC-9,,2.88
IC CAPTURE 23.11.2024-ANG,FIRST,PLA HC,HC-10,EVET,0
IC CAPTURE 23.11.2024-ANG,FIRST,PLA HC,HC-11,,2.94
IC CAPTURE 23.11.2024-ANG,FIRST,PLA HC,HC-12,,3.22
IC CAPTURE 23.11.2024-ANG,SECOND,PLA C,C-4,,2.64
IC CAPTURE 23.11.2024-ANG,SECOND,PLA C,C-6,,2.58
IC CAPTURE 23.11.2024-ANG,SECOND,PLA C,C-8,,2.54
IC CAPTURE 23.11.2024-ANG,SECOND,PLA C,C-11,,3.06
IC CAPTURE 23.11.2024-ANG,SECOND,PLA C,C-15,,2.84
IC CAPTURE 23.11.2024-ANG,SECOND,PLA C,C-20,,2.36
IC CAPTURE 23.11.2024-ANG,SECOND,PLA C,C-28,,2.64
IC CAPTURE 23.11.2024-ANG,SECOND,PLA CUBE,CUBE-5,,2.56
IC CAPTURE 23.11.2024-ANG,SECOND,PLA CUBE,CUBE-6,,2.92
IC CAPTURE 23.11.2024-ANG,SECOND,PLA CUBE,CUBE-14,,3.26
IC CAPTURE 23.11.2024-ANG,SECOND,PLA CUBE,CUBE-15,,2.94
IC CAPTURE 23.11.2024-ANG,SECOND,PLA CUBE,CUBE-17,,4.64
IC CAPTURE 23.11.2024-ANG,SECOND,PLA CUBE,CUBE-19,,2.2
IC CAPTURE 23.11.2024-ANG,SECOND,PLA CUBE,CUBE-25,,2.84
IC CAPTURE 23.11.2024-ANG,SECOND,PLA CUBE,CUBE-28,,2.6
IC CAPTURE 23.11.2024-ANG,SECOND,PLA HC,HC-7,EVET,0
IC CAPTURE 23.11.2024-ANG,SECOND,PLA HC,HC-9,,3.22
IC CAPTURE 23.11.2024-ANG,SECOND,PLA HC,HC-10,EVET,0
IC CAPTURE 23.11.2024-ANG,SECOND,PLA HC,HC-11,,3.46
IC CAPTURE 23.11.2024-ANG,SECOND,PLA HC,HC-12,EVET,0
IC CAPTURE 23.11.2024-ANG,THIRD,PLA C,C-4,,2.16
IC CAPTURE 23.11.2024-ANG,THIRD,PLA C,C-6,,2.72
IC CAPTURE 23.11.2024-ANG,THIRD,PLA C,C-8,,2.9
IC CAPTURE 23.11.2024-ANG,THIRD,PLA C,C-11,,2.66
IC CAPTURE 23.11.2024-ANG,THIRD,PLA C,C-15,,2.82
IC CAPTURE 23.11.2024-ANG,THIRD,PLA C,C-20,,2.5
IC CAPTURE 23.11.2024-ANG,THIRD,PLA C,C-28,,2.62
IC CAPTURE 23.11.2024-ANG,THIRD,PLA CUBE,CUBE-5,,2.88
IC CAPTURE 23.11.2024-ANG,THIRD,PLA CUBE,CUBE-6,,2.58
IC CAPTURE 23.11.2024-ANG,THIRD,PLA CUBE,CUBE-14,,3.06
IC CAPTURE 23.11.2024-ANG,THIRD,PLA CUBE,CUBE-15,,2.72
IC CAPTURE 23.11.2024-ANG,THIRD,PLA CUBE,CUBE-17,,4.28
IC CAPTURE 23.11.2024-ANG,THIRD,PLA CUBE,CUBE-19,,2.6
IC CAPTURE 23.11.2024-ANG,THIRD,PLA CUBE,CUBE-25,,2.92
IC CAPTURE 23.11.2024-ANG,THIRD,PLA CUBE,CUBE-28,,2.14
IC CAPTURE 23.11.2024-ANG,THIRD,PLA HC,HC-7,EVET,0
IC CAPTURE 23.11.2024-ANG,THIRD,PLA HC,HC-9,,3.24
IC CAPTURE 23.11.2024-ANG,THIRD,PLA HC,HC-10,EVET,0
IC CAPTURE 23.11.2024-ANG,THIRD,PLA HC,HC-11,,3.36
IC CAPTURE 23.11.2024-ANG,THIRD,PLA HC,HC-12,EVET,0
IC CAPTURE 23.11.2024-MAK,FIRST,PLA C,C-4,,2.52
IC CAPTURE 23.11.2024-MAK,FIRST,PLA C,C-6,,2.64
IC CAPTURE 23.11.2024-MAK,FIRST,PLA C,C-8,,2.86
IC CAPTURE 23.11.2024-MAK,FIRST,PLA C,C-11,,2.68
IC CAPTURE 23.11.2024-MAK,FIRST,PLA C,C-15,,2.84
IC CAPTURE 23.11.2024-MAK,FIRST,PLA C,C-20,,2.44
IC CAPTURE 23.11.2024-MAK,FIRST,PLA C,C-28,,2.7
IC CAPTURE 23.11.2024-MAK,FIRST,PLA CUBE,CUBE-5,,2.94
IC CAPTURE 23.11.2024-MAK,FIRST,PLA CUBE,CUBE-6,,2.66
IC CAPTURE 23.11.2024-MAK,FIRST,PLA CUBE,CUBE-14,,3.32
IC CAPTURE 23.11.2024-MAK,FIRST,PLA CUBE,CUBE-15,,1.24
IC CAPTURE 23.11.2024-MAK,FIRST,PLA CUBE,CUBE-17,,4.58
IC CAPTURE 23.11.2024-MAK,FIRST,PLA CUBE,CUBE-19,,2.74
IC CAPTURE 23.11.2024-MAK,FIRST,PLA CUBE,CUBE-25,,3.1
IC CAPTURE 23.11.2024-MAK,FIRST,PLA CUBE,CUBE-28,,2.6
IC CAPTURE 23.11.2024-MAK,FIRST,PLA HC,HC-7,,7.76
IC CAPTURE 23.11.2024-MAK,FIRST,PLA HC,HC-9,,3.4
IC CAPTURE 23.11.2024-MAK,FIRST,PLA HC,HC-10,EVET,0
IC CAPTURE 23.11.2024-MAK,FIRST,PLA HC,HC-11,,3.26
IC CAPTURE 23.11.2024-MAK,FIRST,PLA HC,HC-12,,3.2
IC CAPTURE 23.11.2024-MAK,SECOND,PLA C,C-4,,2.38
IC CAPTURE 23.11.2024-MAK,SECOND,PLA C,C-6,,2.64
IC CAPTURE 23.11.2024-MAK,SECOND,PLA C,C-8,,2.64
IC CAPTURE 23.11.2024-MAK,SECOND,PLA C,C-11,,2.94
IC CAPTURE 23.11.2024-MAK,SECOND,PLA C,C-15,,2.92
IC CAPTURE 23.11.2024-MAK,SECOND,PLA C,C-20,,2.3
IC CAPTURE 23.11.2024-MAK,SECOND,PLA C,C-28,,2.7
IC CAPTURE 23.11.2024-MAK,SECOND,PLA CUBE,CUBE-5,,2.52
IC CAPTURE 23.11.2024-MAK,SECOND,PLA CUBE,CUBE-6,,2.94
IC CAPTURE 23.11.2024-MAK,SECOND,PLA CUBE,CUBE-14,,3.1
IC CAPTURE 23.11.2024-MAK,SECOND,PLA CUBE,CUBE-15,,2.98
IC CAPTURE 23.11.2024-MAK,SECOND,PLA CUBE,CUBE-17,,4.62
IC CAPTURE 23.11.2024-MAK,SECOND,PLA CUBE,CUBE-19,,2.32
IC CAPTURE 23.11.2024-MAK,SECOND,PLA CUBE,CUBE-25,,2.86
IC CAPTURE 23.11.2024-MAK,SECOND,PLA CUBE,CUBE-28,,3.3
IC CAPTURE 23.11.2024-MAK,SECOND,PLA HC,HC-7,EVET,0
IC CAPTURE 23.11.2024-MAK,SECOND,PLA HC,HC-9,,3.22
IC CAPTURE 23.11.2024-MAK,SECOND,PLA HC,HC-10,EVET,0
IC CAPTURE 23.11.2024-MAK,SECOND,PLA HC,HC-11,,3.64
IC CAPTURE 23.11.2024-MAK,SECOND,PLA HC,HC-12,EVET,0
IC CAPTURE 23.11.2024-MAK,THIRD,PLA C,C-4,,2.44
IC CAPTURE 23.11.2024-MAK,THIRD,PLA C,C-6,,2.84
IC CAPTURE 23.11.2024-MAK,THIRD,PLA C,C-8,,2.96
IC CAPTURE 23.11.2024-MAK,THIRD,PLA C,C-11,,2.7
IC CAPTURE 23.11.2024-MAK,THIRD,PLA C,C-15,,2.76
IC CAPTURE 23.11.2024-MAK,THIRD,PLA C,C-20,,2.36
IC CAPTURE 23.11.2024-MAK,THIRD,PLA C,C-28,,2.7
IC CAPTURE 23.11.2024-MAK,THIRD,PLA CUBE,CUBE-5,,2.92
IC CAPTURE 23.11.2024-MAK,THIRD,PLA CUBE,CUBE-6,,2.22
IC CAPTURE 23.11.2024-MAK,THIRD,PLA CUBE,CUBE-14,,3.16
IC CAPTURE 23.11.2024-MAK,THIRD,PLA CUBE,CUBE-15,,2.86
IC CAPTURE 23.11.2024-MAK,THIRD,PLA CUBE,CUBE-17,,4.32
IC CAPTURE 23.11.2024-MAK,THIRD,PLA CUBE,CUBE-19,,3.56
IC CAPTURE 23.11.2024-MAK,THIRD,PLA CUBE,CUBE-25,,6.14
IC CAPTURE 23.11.2024-MAK,THIRD,PLA CUBE,CUBE-28,,4.28
IC CAPTURE 23.11.2024-MAK,THIRD,PLA HC,HC-7,EVET,0
IC CAPTURE 23.11.2024-MAK,THIRD,PLA HC,HC-9,,0.18
IC CAPTURE 23.11.2024-MAK,THIRD,PLA HC,HC-10,EVET,0
IC CAPTURE 23.11.2024-MAK,THIRD,PLA HC,HC-11,,4.88
IC CAPTURE 23.11.2024-MAK,THIRD,PLA HC,HC-12,EVET,0
IC CAPTURE 30.11.2024 ANG,FIRST,PLA C,C-10,,2.98
IC CAPTURE 30.11.2024 ANG,FIRST,PLA C,C-14,,2.46
IC CAPTURE 30.11.2024 ANG,FIRST,PLA C,C-17,,2.5
IC CAPTURE 30.11.2024 ANG,FIRST,PLA C,C-18,,2.46
IC CAPTURE 30.11.2024 ANG,FIRST,PLA C,C-22,,2.94
IC CAPTURE 30.11.2024 ANG,FIRST,PLA C,C-23,,2.3
IC CAPTURE 30.11.2024 ANG,FIRST,PLA C,C-24,,2.18
IC CAPTURE 30.11.2024 ANG,FIRST,PLA C,C-26,,2.62
IC CAPTURE 30.11.2024 ANG,FIRST,PLA CUBE,CUBE-8,,2.32
IC CAPTURE 30.11.2024 ANG,FIRST,PLA CUBE,CUBE-9,,2.8
IC CAPTURE 30.11.2024 ANG,FIRST,PLA CUBE,CUBE-10,,3.04
IC CAPTURE 30.11.2024 ANG,FIRST,PLA CUBE,CUBE-13,,4.84
IC CAPTURE 30.11.2024 ANG,FIRST,PLA CUBE,CUBE-16,,2.54
IC CAPTURE 30.11.2024 ANG,FIRST,PLA CUBE,CUBE-18,,2.66
IC CAPTURE 30.11.2024 ANG,FIRST,PLA CUBE,CUBE-20,,2.8
IC CAPTURE 30.11.2024 ANG,FIRST,PLA CUBE,CUBE-21,,4.38
IC CAPTURE 30.11.2024 ANG,FIRST,PLA CUBE,CUBE-22,,3.0
IC CAPTURE 30.11.2024 ANG,FIRST,PLA CUBE,CUBE-24,,4.26
IC CAPTURE 30.11.2024 ANG,FIRST,PLA CUBE,CUBE-26,,2.62
IC CAPTURE 30.11.2024 ANG,SECOND,PLA C,C-10,,3.1
IC CAPTURE 30.11.2024 ANG,SECOND,PLA C,C-14,,2.48
IC CAPTURE 30.11.2024 ANG,SECOND,PLA C,C-17,,2.3
IC CAPTURE 30.11.2024 ANG,SECOND,PLA C,C-18,,4.74
IC CAPTURE 30.11.2024 ANG,SECOND,PLA C,C-22,,6.26
IC CAPTURE 30.11.2024 ANG,SECOND,PLA C,C-23,,2.18
IC CAPTURE 30.11.2024 ANG,SECOND,PLA C,C-24,,2.08
IC CAPTURE 30.11.2024 ANG,SECOND,PLA C,C-26,,2.68
IC CAPTURE 30.11.2024 ANG,SECOND,PLA CUBE,CUBE-8,,2.18
IC CAPTURE 30.11.2024 ANG,SECOND,PLA CUBE,CUBE-9,,2.66
IC CAPTURE 30.11.2024 ANG,SECOND,PLA CUBE,CUBE-10,,3.02
IC CAPTURE 30.11.2024 ANG,SECOND,PLA CUBE,CUBE-13,,4.14
IC CAPTURE 30.11.2024 ANG,SECOND,PLA CUBE,CUBE-16,,2.48
IC CAPTURE 30.11.2024 ANG,SECOND,PLA CUBE,CUBE-18,,2.48
IC CAPTURE 30.11.2024 ANG,SECOND,PLA CUBE,CUBE-20,,2.72
IC CAPTURE 30.11.2024 ANG,SECOND,PLA CUBE,CUBE-21,,4.44
IC CAPTURE 30.11.2024 ANG,SECOND,PLA CUBE,CUBE-22,,2.82
IC CAPTURE 30.11.2024 ANG,SECOND,PLA CUBE,CUBE-24,,4.24
IC CAPTURE 30.11.2024 ANG,SECOND,PLA CUBE,CUBE-26,,2.42
IC CAPTURE 30.11.2024 ANG,THIRD,PLA C,C-10,,2.92
IC CAPTURE 30.11.2024 ANG,THIRD,PLA C,C-14,,2.44
IC CAPTURE 30.11.2024 ANG,THIRD,PLA C,C-17,,2.24
IC CAPTURE 30.11.2024 ANG,THIRD,PLA C,C-18,,2.44
IC CAPTURE 30.11.2024 ANG,THIRD,PLA C,C-22,,2.82
IC CAPTURE 30.11.2024 ANG,THIRD,PLA C,C-23,,2.4
IC CAPTURE 30.11.2024 ANG,THIRD,PLA C,C-24,,2.04
IC CAPTURE 30.11.2024 ANG,THIRD,PLA C,C-26,,2.64
IC CAPTURE 30.11.2024 ANG,THIRD,PLA CUBE,CUBE-8,,2.26
IC CAPTURE 30.11.2024 ANG,THIRD,PLA CUBE,CUBE-9,,2.66
IC CAPTURE 30.11.2024 ANG,THIRD,PLA CUBE,CUBE-10,,2.88
IC CAPTURE 30.11.2024 ANG,THIRD,PLA CUBE,CUBE-13,,4.34
IC CAPTURE 30.11.2024 ANG,THIRD,PLA CUBE,CUBE-16,,2.56
IC CAPTURE 30.11.2024 ANG,THIRD,PLA CUBE,CUBE-18,,2.48
IC CAPTURE 30.11.2024 ANG,THIRD,PLA CUBE,CUBE-20,,2.8
IC CAPTURE 30.11.2024 ANG,THIRD,PLA CUBE,CUBE-21,,4.26
IC CAPTURE 30.11.2024 ANG,THIRD,PLA CUBE,CUBE-22,,3.0
IC CAPTURE 30.11.2024 ANG,THIRD,PLA CUBE,CUBE-24,,4.54
IC CAPTURE 30.11.2024 ANG,THIRD,PLA CUBE,CUBE-26,,2.58
IC CAPTURE 30.11.2024 MAK,FIRST,PLA C,C-10,,2.96
IC CAPTURE 30.11.2024 MAK,FIRST,PLA C,C-14,,2.58
IC CAPTURE 30.11.2024 MAK,FIRST,PLA C,C-17,,2.48
IC CAPTURE 30.11.2024 MAK,FIRST,PLA C,C-18,,2.44
IC CAPTURE 30.11.2024 MAK,FIRST,PLA C,C-22,,3.06
IC CAPTURE 30.11.2024 MAK,FIRST,PLA C,C-23,,2.42
IC CAPTURE 30.11.2024 MAK,FIRST,PLA C,C-24,,2.2
IC CAPTURE 30.11.2024 MAK,FIRST,PLA C,C-26,,2.72
IC CAPTURE 30.11.2024 MAK,FIRST,PLA CUBE,CUBE-8,,2.4
IC CAPTURE 30.11.2024 MAK,FIRST,PLA CUBE,CUBE-9,,2.86
IC CAPTURE 30.11.2024 MAK,FIRST,PLA CUBE,CUBE-10,,3.1
IC CAPTURE 30.11.2024 MAK,FIRST,PLA CUBE,CUBE-13,,4.86
IC CAPTURE 30.11.2024 MAK,FIRST,PLA CUBE,CUBE-16,,2.6
IC CAPTURE 30.11.2024 MAK,FIRST,PLA CUBE,CUBE-18,,2.66
IC CAPTURE 30.11.2024 MAK,FIRST,PLA CUBE,CUBE-20,,2.86
IC CAPTURE 30.11.2024 MAK,FIRST,PLA CUBE,CUBE-21,,4.4
IC CAPTURE 30.11.2024 MAK,FIRST,PLA CUBE,CUBE-22,,3.06
IC CAPTURE 30.11.2024 MAK,FIRST,PLA CUBE,CUBE-24,,4.44
IC CAPTURE 30.11.2024 MAK,FIRST,PLA CUBE,CUBE-26,,2.64
IC CAPTURE 30.11.2024 MAK,SECOND,PLA C,C-10,,3.26
IC CAPTURE 30.11.2024 MAK,SECOND,PLA C,C-14,,2.6
IC CAPTURE 30.11.2024 MAK,SECOND,PLA C,C-17,,2.52
IC CAPTURE 30.11.2024 MAK,SECOND,PLA C,C-18,,2.46
IC CAPTURE 30.11.2024 MAK,SECOND,PLA C,C-22,,2.94
IC CAPTURE 30.11.2024 MAK,SECOND,PLA C,C-23,,3.94
IC CAPTURE 30.11.2024 MAK,SECOND,PLA C,C-24,,2.14
IC CAPTURE 30.11.2024 MAK,SECOND,PLA C,C-26,,2.7
IC CAPTURE 30.11.2024 MAK,SECOND,PLA CUBE,CUBE-8,,2.3
IC CAPTURE 30.11.2024 MAK,SECOND,PLA CUBE,CUBE-9,,2.6
IC CAPTURE 30.11.2024 MAK,SECOND,PLA CUBE,CUBE-10,,3.22
IC CAPTURE 30.11.2024 MAK,SECOND,PLA CUBE,CUBE-13,,4.24
IC CAPTURE 30.11.2024 MAK,SECOND,PLA CUBE,CUBE-16,,2.64
IC CAPTURE 30.11.2024 MAK,SECOND,PLA CUBE,CUBE-18,,2.58
IC CAPTURE 30.11.2024 MAK,SECOND,PLA CUBE,CUBE-20,,2.84
IC CAPTURE 30.11.2024 MAK,SECOND,PLA CUBE,CUBE-21,,4.36
IC CAPTURE 30.11.2024 MAK,SECOND,PLA CUBE,CUBE-22,,2.86
IC CAPTURE 30.11.2024 MAK,SECOND,PLA CUBE,CUBE-24,,4.26
IC CAPTURE 30.11.2024 MAK,SECOND,PLA CUBE,CUBE-26,,2.62
IC CAPTURE 30.11.2024 MAK,THIRD,PLA C,C-10,,2.94
IC CAPTURE 30.11.2024 MAK,THIRD,PLA C,C-14,,2.4
IC CAPTURE 30.11.2024 MAK,THIRD,PLA C,C-17,,2.48
IC CAPTURE 30.11.2024 MAK,THIRD,PLA C,C-18,,2.52
IC CAPTURE 30.11.2024 MAK,THIRD,PLA C,C-22,,2.92
IC CAPTURE 30.11.2024 MAK,THIRD,PLA C,C-23,,2.5
IC CAPTURE 30.11.2024 MAK,THIRD,PLA C,C-24,,2.16
IC CAPTURE 30.11.2024 MAK,THIRD,PLA C,C-26,,2.72
IC CAPTURE 30.11.2024 MAK,THIRD,PLA CUBE,CUBE-8,,2.56
IC CAPTURE 30.11.2024 MAK,THIRD,PLA CUBE,CUBE-9,,2.84
IC CAPTURE 30.11.2024 MAK,THIRD,PLA CUBE,CUBE-10,,2.98
IC CAPTURE 30.11.2024 MAK,THIRD,PLA CUBE,CUBE-13,,4.22
IC CAPTURE 30.11.2024 MAK,THIRD,PLA CUBE,CUBE-16,,2.62
IC CAPTURE 30.11.2024 MAK,THIRD,PLA CUBE,CUBE-18,,2.58
IC CAPTURE 30.11.2024 MAK,THIRD,PLA CUBE,CUBE-20,,2.84
IC CAPTURE 30.11.2024 MAK,THIRD,PLA CUBE,CUBE-21,,4.26
IC CAPTURE 30.11.2024 MAK,THIRD,PLA CUBE,CUBE-22,,3.04
IC CAPTURE 30.11.2024 MAK,THIRD,PLA CUBE,CUBE-24,,5.14
IC CAPTURE 30.11.2024 MAK,THIRD,PLA CUBE,CUBE-26,,2.58
IC CAPTURE 4.12.2024-ANG,FIRST,PS,EC-2,,8.7
IC CAPTURE 4.12.2024-ANG,FIRST,PS,EC-4,,7.44
IC CAPTURE 4.12.2024-ANG,FIRST,PS,EC-10,,5.2
IC CAPTURE 4.12.2024-ANG,FIRST,PS,EC-11,,14.76
IC CAPTURE 4.12.2024-MAK,FIRST,PMMA,BSP-1,EVET,0
IC CAPTURE 4.12.2024-MAK,FIRST,PMMA,C-1,EVET,0
IC CAPTURE 4.12.2024-MAK,FIRST,PMMA,HC-1,EVET,0
IC CAPTURE 4.12.2024-MAK,FIRST,PMMA,WSP-1,EVET,0
IC CAPTURE 4.12.2024-MAK,FIRST,PS,EC-1,,4.4
IC CAPTURE 4.12.2024-MAK,FIRST,PS,EC-2,,7.94
IC CAPTURE 4.12.2024-MAK,FIRST,PS,EC-4,,7.34
IC CAPTURE 4.12.2024-MAK,FIRST,PS,EC-10,,7.88
IC CAPTURE 4.12.2024-MAK,FIRST,PS,EC-11,,7.38
IC CAPTURE 14.12.2024-ANG,FIRST,PS,EC-3,,7.1
IC CAPTURE 14.12.2024-ANG,FIRST,PS,EC-5,,6.62
IC CAPTURE 14.12.2024-ANG,FIRST,PS,EC-7,,6.78
IC CAPTURE 14.12.2024-ANG,FIRST,PS,EC-8,,6.92
IC CAPTURE 14.12.2024-ANG,FIRST,PS,EC-9,,7.12
IC CAPTURE 14.12.2024-ANG,FIRST,RESIN (a=9 r=4.5),C-1,,1.58
IC CAPTURE 14.12.2024-ANG,FIRST,RESIN (a=9 r=4.5),CUBE-1,,1.68
IC CAPTURE 14.12.2024-ANG,FIRST,RESIN (a=9 r=4.5),D-1,,4.42
IC CAPTURE 14.12.2024-ANG,FIRST,RESIN (a=9 r=4.5),SP-1,,1.72
IC CAPTURE 14.12.2024-ANG,SECOND,PS,EC-3,,7.02
IC CAPTURE 14.12.2024-ANG,SECOND,PS,EC-5,,7.14
IC CAPTURE 14.12.2024-ANG,SECOND,PS,EC-7,,8.36
IC CAPTURE 14.12.2024-ANG,SECOND,PS,EC-8,EVET,0
IC CAPTURE 14.12.2024-ANG,SECOND,PS,EC-9,,7.72
IC CAPTURE 14.12.2024-ANG,SECOND,RESIN (a=9 r=4.5),C-1,,2.96
IC CAPTURE 14.12.2024-ANG,SECOND,RESIN (a=9 r=4.5),CUBE-1,,8.52
IC CAPTURE 14.12.2024-ANG,SECOND,RESIN (a=9 r=4.5),D-1,,4.46
IC CAPTURE 14.12.2024-ANG,SECOND,RESIN (a=9 r=4.5),SP-1,,1.14
IC CAPTURE 14.12.2024-ANG,THIRD,PS,EC-3,EVET,0
IC CAPTURE 14.12.2024-ANG,THIRD,PS,EC-5,,6.92
IC CAPTURE 14.12.2024-ANG,THIRD,PS,EC-7,,7.2
IC CAPTURE 14.12.2024-ANG,THIRD,PS,EC-8,EVET,0
IC CAPTURE 14.12.2024-ANG,THIRD,PS,EC-9,EVET,0
IC CAPTURE 14.12.2024-ANG,THIRD,RESIN (a=9 r=4.5),C-1,,1.64
IC CAPTURE 14.12.2024-ANG,THIRD,RESIN (a=9 r=4.5),CUBE-1,,1.64
IC CAPTURE 14.12.2024-ANG,THIRD,RESIN (a=9 r=4.5),D-1,,4.5
IC CAPTURE 14.12.2024-ANG,THIRD,RESIN (a=9 r=4.5),SP-1,,5.2
IC CAPTURE 14.12.2024-MAK,FIRST,PS,EC-3,,7.42
IC CAPTURE 14.12.2024-MAK,FIRST,PS,EC-5,,7.32
IC CAPTURE 14.12.2024-MAK,FIRST,PS,EC-7,,13.42
IC CAPTURE 14.12.2024-MAK,FIRST,PS,EC-8,,7.4
IC CAPTURE 14.12.2024-MAK,FIRST,PS,EC-9,,7.54
IC CAPTURE 14.12.2024-MAK,FIRST,RESIN (a=9 r=4.5),C-1,,1.64
IC CAPTURE 14.12.2024-MAK,FIRST,RESIN (a=9 r=4.5),CUBE-1,,1.74
IC CAPTURE 14.12.2024-MAK,FIRST,RESIN (a=9 r=4.5),D-1,,4.54
IC CAPTURE 14.12.2024-MAK,FIRST,RESIN (a=9 r=4.5),SP-1,,4.2
IC CAPTURE 14.12.2024-MAK,SECOND,PS,EC-3,,14.06
IC CAPTURE 14.12.2024-MAK,SECOND,PS,EC-5,,3.78
IC CAPTURE 14.12.2024-MAK,SECOND,PS,EC-7,,8.58
IC CAPTURE 14.12.2024-MAK,SECOND,PS,EC-8,EVET,0
IC CAPTURE 14.12.2024-MAK,SECOND,PS,EC-9,,8.06
IC CAPTURE 14.12.2024-MAK,SECOND,RESIN (a=9 r=4.5),C-1,,1.64
IC CAPTURE 14.12.2024-MAK,SECOND,RESIN (a=9 r=4.5),CUBE-1,,1.24
IC CAPTURE 14.12.2024-MAK,SECOND,RESIN (a=9 r=4.5),D-1,,4.52
IC CAPTURE 14.12.2024-MAK,SECOND,RESIN (a=9 r=4.5),SP-1,,1.2
IC CAPTURE 14.12.2024-MAK,THIRD,PS,EC-3,EVET,0
IC CAPTURE 14.12.2024-MAK,THIRD,PS,EC-5,,7.16
IC CAPTURE 14.12.2024-MAK,THIRD,PS,EC-7,,7.66
IC CAPTURE 14.12.2024-MAK,THIRD,PS,EC-8,EVET,0
IC CAPTURE 14.12.2024-MAK,THIRD,PS,EC-9,EVET,0
IC CAPTURE 14.12.2024-MAK,THIRD,RESIN (a=9 r=4.5),C-1,,1.88
IC CAPTURE 14.12.2024-MAK,THIRD,RESIN (a=9 r=4.5),CUBE-1,,1.26
IC CAPTURE 14.12.2024-MAK,THIRD,RESIN (a=9 r=4.5),D-1,,4.6
IC CAPTURE 14.12.2024-MAK,THIRD,RESIN (a=9 r=4.5),SP-1,,1.18
IC CAPTURE 18.12.2024 MAK,FIRST,RESIN (a=6 r=3),C-1,,2.0
IC CAPTURE 18.12.2024 MAK,FIRST,RESIN (a=6 r=3),CUBE-1,,2.1
IC CAPTURE 18.12.2024 MAK,FIRST,RESIN (a=6 r=3),D-1,,5.32
IC CAPTURE 18.12.2024 MAK,FIRST,RESIN (a=6 r=3),SP-1,,1.58
IC CAPTURE 18.12.2024 MAK,FIRST,RESIN (a=9 r=4.5),C-2,,2.0
IC CAPTURE 18.12.2024 MAK,FIRST,RESIN (a=9 r=4.5),CUBE-2,,1.86
IC CAPTURE 18.12.2024 MAK,FIRST,RESIN (a=9 r=4.5),D-2,,4.62
IC CAPTURE 18.12.2024 MAK,FIRST,RESIN (a=9 r=4.5),SP-2,,1.0
IC CAPTURE 18.12.2024 MAK,SECOND,RESIN (a=6 r=3),C-1,,2.16
IC CAPTURE 18.12.2024 MAK,SECOND,RESIN (a=6 r=3),CUBE-1,,2.24
IC CAPTURE 18.12.2024 MAK,SECOND,RESIN (a=6 r=3),D-1,,5.04
IC CAPTURE 18.12.2024 MAK,SECOND,RESIN (a=6 r=3),SP-1,,1.58
IC CAPTURE 18.12.2024 MAK,SECOND,RESIN (a=9 r=4.5),C-2,,1.76
IC CAPTURE 18.12.2024 MAK,SECOND,RESIN (a=9 r=4.5),CUBE-2,,1.84
IC CAPTURE 18.12.2024 MAK,SECOND,RESIN (a=9 r=4.5),D-2,,4.8
IC CAPTURE 18.12.2024 MAK,SECOND,RESIN (a=9 r=4.5),SP-2,EVET,0
IC CAPTURE 18.12.2024 MAK,THIRD,RESIN (a=6 r=3),C-1,,2.06
IC CAPTURE 18.12.2024 MAK,THIRD,RESIN (a=6 r=3),CUBE-1,,1.7
IC CAPTURE 18.12.2024 MAK,THIRD,RESIN (a=6 r=3),D-1,,4.82
IC CAPTURE 18.12.2024 MAK,THIRD,RESIN (a=6 r=3),SP-1,,1.6
IC CAPTURE 18.12.2024 MAK,THIRD,RESIN (a=9 r=4.5),C-2,,1.78
IC CAPTURE 18.12.2024 MAK,THIRD,RESIN (a=9 r=4.5),CUBE-2,,1.9
IC CAPTURE 18.12.2024 MAK,THIRD,RESIN (a=9 r=4.5),D-2,,4.82
IC CAPTURE 18.12.2024 MAK,THIRD,RESIN (a=9 r=4.5),SP-2,EVET,0
IC CAPTURE 18.12.2024-ANG,FIRST,RESIN (a=6 r=3),C-1,,2.06
IC CAPTURE 18.12.2024-ANG,FIRST,RESIN (a=6 r=3),CUBE-1,,2.24
IC CAPTURE 18.12.2024-ANG,FIRST,RESIN (a=6 r=3),D-1,,4.9
IC CAPTURE 18.12.2024-ANG,FIRST,RESIN (a=6 r=3),SP-1,,1.52
IC CAPTURE 18.12.2024-ANG,FIRST,RESIN (a=9 r=4.5),C-2,,7.72
IC CAPTURE 18.12.2024-ANG,FIRST,RESIN (a=9 r=4.5),CUBE-2,,1.74
IC CAPTURE 18.12.2024-ANG,FIRST,RESIN (a=9 r=4.5),D-2,,4.62
IC CAPTURE 18.12.2024-ANG,FIRST,RESIN (a=9 r=4.5),SP-2,,1.0
IC CAPTURE 18.12.2024-ANG,SECOND,RESIN (a=6 r=3),C-1,,2.08
IC CAPTURE 18.12.2024-ANG,SECOND,RESIN (a=6 r=3),CUBE-1,,2.1
IC CAPTURE 18.12.2024-ANG,SECOND,RESIN (a=6 r=3),D-1,,4.86
IC CAPTURE 18.12.2024-ANG,SECOND,RESIN (a=6 r=3),SP-1,,1.58
IC CAPTURE 18.12.2024-ANG,SECOND,RESIN (a=9 r=4.5),C-2,,1.74
IC CAPTURE 18.12.2024-ANG,SECOND,RESIN (a=9 r=4.5),CUBE-2,,2.08
IC CAPTURE 18.12.2024-ANG,SECOND,RESIN (a=9 r=4.5),D-2,,4.5
IC CAPTURE 18.12.2024-ANG,SECOND,RESIN (a=9 r=4.5),SP-2,EVET,0
IC CAPTURE 18.12.2024-ANG,THIRD,RESIN (a=6 r=3),C-1,,1.84
IC CAPTURE 18.12.2024-ANG,THIRD,RESIN (a=6 r=3),CUBE-1,,2.16
IC CAPTURE 18.12.2024-ANG,THIRD,RESIN (a=6 r=3),D-1,,4.8
IC CAPTURE 18.12.2024-ANG,THIRD,RESIN (a=6 r=3),SP-1,,1.46
IC CAPTURE 18.12.2024-ANG,THIRD,RESIN (a=9 r=4.5),C-2,,1.74
IC CAPTURE 18.12.2024-ANG,THIRD,RESIN (a=9 r=4.5),CUBE-2,,1.78
IC CAPTURE 18.12.2024-ANG,THIRD,RESIN (a=9 r=4.5),D-2,,4.7
IC CAPTURE 18.12.2024-ANG,THIRD,RESIN (a=9 r=4.5),SP-2,EVET,0
IC CAPTURE 09.01.2025-ANG,FIRST,RESIN (a=6 r=3),C-2,,1.92
IC CAPTURE 09.01.2025-ANG,FIRST,RESIN (a=6 r=3),C-3,,1.96
IC CAPTURE 09.01.2025-ANG,FIRST,RESIN (a=6 r=3),CUBE-2,,2.18
IC CAPTURE 09.01.2025-ANG,FIRST,RESIN (a=6 r=3),CUBE-3,,1.98
IC CAPTURE 09.01.2025-ANG,FIRST,RESIN (a=6 r=3),D-2,EVET,0
IC CAPTURE 09.01.2025-ANG,FIRST,RESIN (a=6 r=3),D-3,,5.06
IC CAPTURE 09.01.2025-ANG,FIRST,RESIN (a=6 r=3),SP-2,,1.58
IC CAPTURE 09.01.2025-ANG,FIRST,RESIN (a=6 r=3),SP-3,,1.74
IC CAPTURE 09.01.2025-ANG,FIRST,RESIN (a=9 r=4.5),C-3,,1.7
IC CAPTURE 09.01.2025-ANG,FIRST,RESIN (a=9 r=4.5),C-4,,1.38
IC CAPTURE 09.01.2025-ANG,FIRST,RESIN (a=9 r=4.5),CUBE-3,,1.84
IC CAPTURE 09.01.2025-ANG,FIRST,RESIN (a=9 r=4.5),CUBE-4,,2.86
IC CAPTURE 09.01.2025-ANG,FIRST,RESIN (a=9 r=4.5),D-3,,4.42
IC CAPTURE 09.01.2025-ANG,FIRST,RESIN (a=9 r=4.5),D-4,,4.52
IC CAPTURE 09.01.2025-ANG,FIRST,RESIN (a=9 r=4.5),SP-3,,1.06
IC CAPTURE 09.01.2025-ANG,FIRST,RESIN (a=9 r=4.5),SP-4,,1.42
IC CAPTURE 09.01.2025-ANG,SECOND,RESIN (a=6 r=3),C-2,,1.94
IC CAPTURE 09.01.2025-ANG,SECOND,RESIN (a=6 r=3),C-3,,2.02
IC CAPTURE 09.01.2025-ANG,SECOND,RESIN (a=6 r=3),CUBE-2,,2.04
IC CAPTURE 09.01.2025-ANG,SECOND,RESIN (a=6 r=3),CUBE-3,,2.14
IC CAPTURE 09.01.2025-ANG,SECOND,RESIN (a=6 r=3),D-2,EVET,0
IC CAPTURE 09.01.2025-ANG,SECOND,RESIN (a=6 r=3),D-3,EVET,0
IC CAPTURE 09.01.2025-ANG,SECOND,RESIN (a=6 r=3),SP-2,EVET,0
IC CAPTURE 09.01.2025-ANG,SECOND,RESIN (a=6 r=3),SP-3,,1.8
IC CAPTURE 09.01.2025-ANG,SECOND,RESIN (a=9 r=4.5),C-3,,4.68
IC CAPTURE 09.01.2025-ANG,SECOND,RESIN (a=9 r=4.5),C-4,,1.72
IC CAPTURE 09.01.2025-ANG,SECOND,RESIN (a=9 r=4.5),CUBE-3,EVET,0
IC CAPTURE 09.01.2025-ANG,SECOND,RESIN (a=9 r=4.5),CUBE-4,,1.78
IC CAPTURE 09.01.2025-ANG,SECOND,RESIN (a=9 r=4.5),D-3,,9.58
IC CAPTURE 09.01.2025-ANG,SECOND,RESIN (a=9 r=4.5),D-4,,4.46
IC CAPTURE 09.01.2025-ANG,SECOND,RESIN (a=9 r=4.5),SP-3,EVET,0
IC CAPTURE 09.01.2025-ANG,SECOND,RESIN (a=9 r=4.5),SP-4,,1.26
IC CAPTURE 09.01.2025-ANG,THIRD,RESIN (a=6 r=3),C-2,,1.86
IC CAPTURE 09.01.2025-ANG,THIRD,RESIN (a=6 r=3),C-3,EVET,0
IC CAPTURE 09.01.2025-ANG,THIRD,RESIN (a=6 r=3),CUBE-2,,2.08
IC CAPTURE 09.01.2025-ANG,THIRD,RESIN (a=6 r=3),CUBE-3,EVET,0
IC CAPTURE 09.01.2025-ANG,THIRD,RESIN (a=6 r=3),D-2,EVET,0
IC CAPTURE 09.01.2025-ANG,THIRD,RESIN (a=6 r=3),D-3,,5.74
IC CAPTURE 09.01.2025-ANG,THIRD,RESIN (a=6 r=3),SP-2,EVET,0
IC CAPTURE 09.01.2025-ANG,THIRD,RESIN (a=6 r=3),SP-3,,1.2
IC CAPTURE 09.01.2025-ANG,THIRD,RESIN (a=9 r=4.5),C-3,EVET,0
IC CAPTURE 09.01.2025-ANG,THIRD,RESIN (a=9 r=4.5),C-4,,1.7
IC CAPTURE 09.01.2025-ANG,THIRD,RESIN (a=9 r=4.5),CUBE-3,EVET,0
IC CAPTURE 09.01.2025-ANG,THIRD,RESIN (a=9 r=4.5),CUBE-4,,1.74
IC CAPTURE 09.01.2025-ANG,THIRD,RESIN (a=9 r=4.5),D-3,,5.44
IC CAPTURE 09.01.2025-ANG,THIRD,RESIN (a=9 r=4.5),D-4,,5.52
IC CAPTURE 09.01.2025-ANG,THIRD,RESIN (a=9 r=4.5),SP-3,EVET,0
IC CAPTURE 09.01.2025-ANG,THIRD,RESIN (a=9 r=4.5),SP-4,,1.36
IC CAPTURE 09.01.2025-MAK,FIRST,RESIN (a=6 r=3),C-2,,1.78
IC CAPTURE 09.01.2025-MAK,FIRST,RESIN (a=6 r=3),C-3,,2.06
IC CAPTURE 09.01.2025-MAK,FIRST,RESIN (a=6 r=3),CUBE-2,,2.04
IC CAPTURE 09.01.2025-MAK,FIRST,RESIN (a=6 r=3),CUBE-3,,2.02
IC CAPTURE 09.01.2025-MAK,FIRST,RESIN (a=6 r=3),D-2,EVET,0
IC CAPTURE 09.01.2025-MAK,FIRST,RESIN (a=6 r=3),D-3,,4.96
IC CAPTURE 09.01.2025-MAK,FIRST,RESIN (a=6 r=3),SP-2,,1.52
IC CAPTURE 09.01.2025-MAK,FIRST,RESIN (a=6 r=3),SP-3,,1.68
IC CAPTURE 09.01.2025-MAK,FIRST,RESIN (a=9 r=4.5),C-3,,1.6
IC CAPTURE 09.01.2025-MAK,FIRST,RESIN (a=9 r=4.5),C-4,,1.52
IC CAPTURE 09.01.2025-MAK,FIRST,RESIN (a=9 r=4.5),CUBE-3,,1.7
IC CAPTURE 09.01.2025-MAK,FIRST,RESIN (a=9 r=4.5),CUBE-4,,1.6
IC CAPTURE 09.01.2025-MAK,FIRST,RESIN (a=9 r=4.5),D-3,,4.58
IC CAPTURE 09.01.2025-MAK,FIRST,RESIN (a=9 r=4.5),D-4,,4.66
IC CAPTURE 09.01.2025-MAK,FIRST,RESIN (a=9 r=4.5),SP-3,,1.08
IC CAPTURE 09.01.2025-MAK,FIRST,RESIN (a=9 r=4.5),SP-4,,1.24
IC CAPTURE 09.01.2025-MAK,SECOND,RESIN (a=6 r=3),C-2,,1.8
IC CAPTURE 09.01.2025-MAK,SECOND,RESIN (a=6 r=3),C-3,,1.84
IC CAPTURE 09.01.2025-MAK,SECOND,RESIN (a=6 r=3),CUBE-2,,2.06
IC CAPTURE 09.01.2025-MAK,SECOND,RESIN (a=6 r=3),CUBE-3,,2.04
IC CAPTURE 09.01.2025-MAK,SECOND,RESIN (a=6 r=3),D-2,EVET,0
IC CAPTURE 09.01.2025-MAK,SECOND,RESIN (a=6 r=3),D-3,,5.28
IC CAPTURE 09.01.2025-MAK,SECOND,RESIN (a=6 r=3),SP-2,EVET,0
IC CAPTURE 09.01.2025-MAK,SECOND,RESIN (a=6 r=3),SP-3,,1.64
IC CAPTURE 09.01.2025-MAK,SECOND,RESIN (a=9 r=4.5),C-3,,1.56
IC CAPTURE 09.01.2025-MAK,SECOND,RESIN (a=9 r=4.5),C-4,,1.68
IC CAPTURE 09.01.2025-MAK,SECOND,RESIN (a=9 r=4.5),CUBE-3,EVET,0
IC CAPTURE 09.01.2025-MAK,SECOND,RESIN (a=9 r=4.5),CUBE-4,,1.72
IC CAPTURE 09.01.2025-MAK,SECOND,RESIN (a=9 r=4.5),D-3,,4.68
IC CAPTURE 09.01.2025-MAK,SECOND,RESIN (a=9 r=4.5),D-4,,4.3
IC CAPTURE 09.01.2025-MAK,SECOND,RESIN (a=9 r=4.5),SP-3,EVET,0
IC CAPTURE 09.01.2025-MAK,SECOND,RESIN (a=9 r=4.5),SP-4,,1.32
IC CAPTURE 09.01.2025-MAK,THIRD,RESIN (a=6 r=3),C-2,,1.86
IC CAPTURE 09.01.2025-MAK,THIRD,RESIN (a=6 r=3),C-3,EVET,0
IC CAPTURE 09.01.2025-MAK,THIRD,RESIN (a=6 r=3),CUBE-2,,2.04
IC CAPTURE 09.01.2025-MAK,THIRD,RESIN (a=6 r=3),CUBE-3,EVET,0
IC CAPTURE 09.01.2025-MAK,THIRD,RESIN (a=6 r=3),D-2,EVET,0
IC CAPTURE 09.01.2025-MAK,THIRD,RESIN (a=6 r=3),D-3,,5.76
IC CAPTURE 09.01.2025-MAK,THIRD,RESIN (a=6 r=3),SP-2,EVET,0
IC CAPTURE 09.01.2025-MAK,THIRD,RESIN (a=6 r=3),SP-3,,1.8
IC CAPTURE 09.01.2025-MAK,THIRD,RESIN (a=9 r=4.5),C-3,EVET,0
IC CAPTURE 09.01.2025-MAK,THIRD,RESIN (a=9 r=4.5),C-4,,1.58
IC CAPTURE 09.01.2025-MAK,THIRD,RESIN (a=9 r=4.5),CUBE-3,EVET,0
IC CAPTURE 09.01.2025-MAK,THIRD,RESIN (a=9 r=4.5),CUBE-4,,1.64
IC CAPTURE 09.01.2025-MAK,THIRD,RESIN (a=9 r=4.5),D-3,,5.26
IC CAPTURE 09.01.2025-MAK,THIRD,RESIN (a=9 r=4.5),D-4,,5.18
IC CAPTURE 09.01.2025-MAK,THIRD,RESIN (a=9 r=4.5),SP-3,EVET,0
IC CAPTURE 09.01.2025-MAK,THIRD,RESIN (a=9 r=4.5),SP-4,,1.36
IC CAPTURE 11.01.2025-ANG,FIRST,RESIN (a=6 r=3),C-4,,1.98
IC CAPTURE 11.01.2025-ANG,FIRST,RESIN (a=6 r=3),C-5,,1.94
IC CAPTURE 11.01.2025-ANG,FIRST,RESIN (a=6 r=3),C-6,,1.96
IC CAPTURE 11.01.2025-ANG,FIRST,RESIN (a=6 r=3),CUBE-4,,1.98
IC CAPTURE 11.01.2025-ANG,FIRST,RESIN (a=6 r=3),CUBE-5,,2.16
IC CAPTURE 11.01.2025-ANG,FIRST,RESIN (a=6 r=3),CUBE-6,,2.0
IC CAPTURE 11.01.2025-ANG,FIRST,RESIN (a=6 r=3),D-2,,5.4
IC CAPTURE 11.01.2025-ANG,FIRST,RESIN (a=6 r=3),D-4,,6.32
IC CAPTURE 11.01.2025-ANG,FIRST,RESIN (a=6 r=3),D-5,,5.92
IC CAPTURE 11.01.2025-ANG,FIRST,RESIN (a=6 r=3),D-6,,6.02
IC CAPTURE 11.01.2025-ANG,FIRST,RESIN (a=6 r=3),D-7,,4.9
IC CAPTURE 11.01.2025-ANG,FIRST,RESIN (a=6 r=3),D-8,,6.86
IC CAPTURE 11.01.2025-ANG,FIRST,RESIN (a=6 r=3),SP-4,,1.64
IC CAPTURE 11.01.2025-ANG,FIRST,RESIN (a=6 r=3),SP-5,,1.48
IC CAPTURE 11.01.2025-ANG,FIRST,RESIN (a=6 r=3),SP-6,EVET,0
IC CAPTURE 11.01.2025-ANG,FIRST,RESIN (a=6 r=3),SP-7,,1.56
IC CAPTURE 11.01.2025-ANG,FIRST,RESIN (a=6 r=3),SP-8,,1.54
IC CAPTURE 11.01.2025-ANG,FIRST,RESIN (a=9 r=4.5),C-5,,1.66
IC CAPTURE 11.01.2025-ANG,FIRST,RESIN (a=9 r=4.5),C-6,,1.8
IC CAPTURE 11.01.2025-ANG,FIRST,RESIN (a=9 r=4.5),CUBE-5,,1.72
IC CAPTURE 11.01.2025-ANG,FIRST,RESIN (a=9 r=4.5),D-5,,4.9
IC CAPTURE 11.01.2025-ANG,FIRST,RESIN (a=9 r=4.5),D-6,,5.56
IC CAPTURE 11.01.2025-ANG,FIRST,RESIN (a=9 r=4.5),D-7,,4.92
IC CAPTURE 11.01.2025-ANG,FIRST,RESIN (a=9 r=4.5),D-8,,4.74
IC CAPTURE 11.01.2025-ANG,FIRST,RESIN (a=9 r=4.5),SP-5,,1.38
IC CAPTURE 11.01.2025-ANG,FIRST,RESIN (a=9 r=4.5),SP-6,,1.16
IC CAPTURE 11.01.2025-ANG,FIRST,RESIN (a=9 r=4.5),SP-7,,1.16
IC CAPTURE 11.01.2025-ANG,FIRST,RESIN (a=9 r=4.5),SP-8,,1.22
IC CAPTURE 11.01.2025-ANG,SECOND,RESIN (a=6 r=3),C-4,EVET,0
IC CAPTURE 11.01.2025-ANG,SECOND,RESIN (a=6 r=3),C-5,,2.04
IC CAPTURE 11.01.2025-ANG,SECOND,RESIN (a=6 r=3),C-6,,1.88
IC CAPTURE 11.01.2025-ANG,SECOND,RESIN (a=6 r=3),CUBE-4,,2.1
IC CAPTURE 11.01.2025-ANG,SECOND,RESIN (a=6 r=3),CUBE-5,,2.2
IC CAPTURE 11.01.2025-ANG,SECOND,RESIN (a=6 r=3),CUBE-6,,2.18
IC CAPTURE 11.01.2025-ANG,SECOND,RESIN (a=6 r=3),D-2,EVET,0
IC CAPTURE 11.01.2025-ANG,SECOND,RESIN (a=6 r=3),D-4,,5.64
IC CAPTURE 11.01.2025-ANG,SECOND,RESIN (a=6 r=3),D-5,,6.1
IC CAPTURE 11.01.2025-ANG,SECOND,RESIN (a=6 r=3),D-6,,6.16
IC CAPTURE 11.01.2025-ANG,SECOND,RESIN (a=6 r=3),D-7,,5.44
IC CAPTURE 11.01.2025-ANG,SECOND,RESIN (a=6 r=3),D-8,,4.82
IC CAPTURE 11.01.2025-ANG,SECOND,RESIN (a=6 r=3),SP-4,,1.48
IC CAPTURE 11.01.2025-ANG,SECOND,RESIN (a=6 r=3),SP-5,,1.58
IC CAPTURE 11.01.2025-ANG,SECOND,RESIN (a=6 r=3),SP-6,,1.68
IC CAPTURE 11.01.2025-ANG,SECOND,RESIN (a=6 r=3),SP-7,,1.52
IC CAPTURE 11.01.2025-ANG,SECOND,RESIN (a=6 r=3),SP-8,,1.74
IC CAPTURE 11.01.2025-ANG,SECOND,RESIN (a=9 r=4.5),C-5,,1.58
IC CAPTURE 11.01.2025-ANG,SECOND,RESIN (a=9 r=4.5),C-6,,1.62
IC CAPTURE 11.01.2025-ANG,SECOND,RESIN (a=9 r=4.5),CUBE-5,EVET,0
IC CAPTURE 11.01.2025-ANG,SECOND,RESIN (a=9 r=4.5),D-5,,5.8
IC CAPTURE 11.01.2025-ANG,SECOND,RESIN (a=9 r=4.5),D-6,,1.48
IC CAPTURE 11.01.2025-ANG,SECOND,RESIN (a=9 r=4.5),D-7,,4.88
IC CAPTURE 11.01.2025-ANG,SECOND,RESIN (a=9 r=4.5),D-8,,4.78
IC CAPTURE 11.01.2025-ANG,SECOND,RESIN (a=9 r=4.5),SP-6,,1.14
IC CAPTURE 11.01.2025-ANG,SECOND,RESIN (a=9 r=4.5),SP-7,,1.26
IC CAPTURE 11.01.2025-ANG,SECOND,RESIN (a=9 r=4.5),SP-8,,1.18
IC CAPTURE 11.01.2025-ANG,THIRD,RESIN (a=6 r=3),C-5,,2.06
IC CAPTURE 11.01.2025-ANG,THIRD,RESIN (a=6 r=3),C-6,EVET,0
IC CAPTURE 11.01.2025-ANG,THIRD,RESIN (a=6 r=3),CUBE-5,,2.04
IC CAPTURE 11.01.2025-ANG,THIRD,RESIN (a=6 r=3),CUBE-6,,2.02
IC CAPTURE 11.01.2025-ANG,THIRD,RESIN (a=6 r=3),D-2,EVET,0
IC CAPTURE 11.01.2025-ANG,THIRD,RESIN (a=6 r=3),D-5,EVET,0
IC CAPTURE 11.01.2025-ANG,THIRD,RESIN (a=6 r=3),D-6,,4.94
IC CAPTURE 11.01.2025-ANG,THIRD,RESIN (a=6 r=3),D-7,,5.12
IC CAPTURE 11.01.2025-ANG,THIRD,RESIN (a=6 r=3),D-8,,5.44
IC CAPTURE 11.01.2025-ANG,THIRD,RESIN (a=6 r=3),SP-5,,1.46
IC CAPTURE 11.01.2025-ANG,THIRD,RESIN (a=6 r=3),SP-6,,1.68
IC CAPTURE 11.01.2025-ANG,THIRD,RESIN (a=6 r=3),SP-7,,1.62
IC CAPTURE 11.01.2025-ANG,THIRD,RESIN (a=6 r=3),SP-8,,1.52
IC CAPTURE 11.01.2025-ANG,THIRD,RESIN (a=9 r=4.5),C-6,,1.58
IC CAPTURE 11.01.2025-ANG,THIRD,RESIN (a=9 r=4.5),D-6,,4.52
IC CAPTURE 11.01.2025-ANG,THIRD,RESIN (a=9 r=4.5),D-7,,4.72
IC CAPTURE 11.01.2025-ANG,THIRD,RESIN (a=9 r=4.5),D-8,,4.64
IC CAPTURE 11.01.2025-ANG,THIRD,RESIN (a=9 r=4.5),SP-6,,1.26
IC CAPTURE 11.01.2025-ANG,THIRD,RESIN (a=9 r=4.5),SP-7,,1.06
IC CAPTURE 11.01.2025-ANG,THIRD,RESIN (a=9 r=4.5),SP-8,,1.2
IC CAPTURE 11.01.2025-MAK,FIRST,RESIN (a=6 r=3),C-4,,1.96
IC CAPTURE 11.01.2025-MAK,FIRST,RESIN (a=6 r=3),C-5,,4.3
IC CAPTURE 11.01.2025-MAK,FIRST,RESIN (a=6 r=3),C-6,,4.52
IC CAPTURE 11.01.2025-MAK,FIRST,RESIN (a=6 r=3),CUBE-4,,2.04
IC CAPTURE 11.01.2025-MAK,FIRST,RESIN (a=6 r=3),CUBE-5,,3.98
IC CAPTURE 11.01.2025-MAK,FIRST,RESIN (a=6 r=3),CUBE-6,,4.06
IC CAPTURE 11.01.2025-MAK,FIRST,RESIN (a=6 r=3),D-2,,5.6
IC CAPTURE 11.01.2025-MAK,FIRST,RESIN (a=6 r=3),D-4,,5.9
IC CAPTURE 11.01.2025-MAK,FIRST,RESIN (a=6 r=3),D-5,,10.12
IC CAPTURE 11.01.2025-MAK,FIRST,RESIN (a=6 r=3),D-6,,9.84
IC CAPTURE 11.01.2025-MAK,FIRST,RESIN (a=6 r=3),D-7,,7.68
IC CAPTURE 11.01.2025-MAK,FIRST,RESIN (a=6 r=3),SP-4,,1.58
IC CAPTURE 11.01.2025-MAK,FIRST,RESIN (a=6 r=3),SP-5,EVET,0
IC CAPTURE 11.01.2025-MAK,FIRST,RESIN (a=6 r=3),SP-6,,4.24
IC CAPTURE 11.01.2025-MAK,FIRST,RESIN (a=6 r=3),SP-7,,3.52
IC CAPTURE 11.01.2025-MAK,FIRST,RESIN (a=9 r=4.5),C-5,,1.64
IC CAPTURE 11.01.2025-MAK,FIRST,RESIN (a=9 r=4.5),C-6,,4.26
IC CAPTURE 11.01.2025-MAK,FIRST,RESIN (a=9 r=4.5),CUBE-5,,0.02
IC CAPTURE 11.01.2025-MAK,FIRST,RESIN (a=9 r=4.5),D-5,,4.92
IC CAPTURE 11.01.2025-MAK,FIRST,RESIN (a=9 r=4.5),D-6,,9.26
IC CAPTURE 11.01.2025-MAK,FIRST,RESIN (a=9 r=4.5),D-7,,8.44
IC CAPTURE 11.01.2025-MAK,FIRST,RESIN (a=9 r=4.5),D-8,,8.26
IC CAPTURE 11.01.2025-MAK,FIRST,RESIN (a=9 r=4.5),SP-5,,1.2
IC CAPTURE 11.01.2025-MAK,FIRST,RESIN (a=9 r=4.5),SP-6,,2.72
IC CAPTURE 11.01.2025-MAK,FIRST,RESIN (a=9 r=4.5),SP-7,,2.72
IC CAPTURE 11.01.2025-MAK,FIRST,RESIN (a=9 r=4.5),SP-8,,3.06
IC CAPTURE 11.01.2025-MAK,SECOND,RESIN (a=6 r=3),C-4,EVET,0
IC CAPTURE 11.01.2025-MAK,SECOND,RESIN (a=6 r=3),C-5,,4.1
IC CAPTURE 11.01.2025-MAK,SECOND,RESIN (a=6 r=3),C-6,,4.58
IC CAPTURE 11.01.2025-MAK,SECOND,RESIN (a=6 r=3),CUBE-4,,2.1
IC CAPTURE 11.01.2025-MAK,SECOND,RESIN (a=6 r=3),CUBE-5,,4.76
IC CAPTURE 11.01.2025-MAK,SECOND,RESIN (a=6 r=3),CUBE-6,,4.8
IC CAPTURE 11.01.2025-MAK,SECOND,RESIN (a=6 r=3),D-2,EVET,0
IC CAPTURE 11.01.2025-MAK,SECOND,RESIN (a=6 r=3),D-4,,5.98
IC CAPTURE 11.01.2025-MAK,SECOND,RESIN (a=6 r=3),D-5,,9.48
IC CAPTURE 11.01.2025-MAK,SECOND,RESIN (a=6 r=3),D-6,,10.42
IC CAPTURE 11.01.2025-MAK,SECOND,RESIN (a=6 r=3),D-7,,7.24
IC CAPTURE 11.01.2025-MAK,SECOND,RESIN (a=6 r=3),SP-4,,1.52
IC CAPTURE 11.01.2025-MAK,SECOND,RESIN (a=6 r=3),SP-5,,3.56
IC CAPTURE 11.01.2025-MAK,SECOND,RESIN (a=6 r=3),SP-6,,4.04
IC CAPTURE 11.01.2025-MAK,SECOND,RESIN (a=6 r=3),SP-7,,3.42
IC CAPTURE 11.01.2025-MAK,SECOND,RESIN (a=9 r=4.5),C-5,,1.66
IC CAPTURE 11.01.2025-MAK,SECOND,RESIN (a=9 r=4.5),C-6,,3.64
IC CAPTURE 11.01.2025-MAK,SECOND,RESIN (a=9 r=4.5),CUBE-5,EVET,0
IC CAPTURE 11.01.2025-MAK,SECOND,RESIN (a=9 r=4.5),D-5,,5.96
IC CAPTURE 11.01.2025-MAK,SECOND,RESIN (a=9 r=4.5),D-6,,7.88
IC CAPTURE 11.01.2025-MAK,SECOND,RESIN (a=9 r=4.5),D-7,,8.48
IC CAPTURE 11.01.2025-MAK,SECOND,RESIN (a=9 r=4.5),D-8,,7.74
IC CAPTURE 11.01.2025-MAK,SECOND,RESIN (a=9 r=4.5),SP-5,,1.12
IC CAPTURE 11.01.2025-MAK,SECOND,RESIN (a=9 r=4.5),SP-6,,2.82
IC CAPTURE 11.01.2025-MAK,SECOND,RESIN (a=9 r=4.5),SP-7,,3.26
IC CAPTURE 11.01.2025-MAK,SECOND,RESIN (a=9 r=4.5),SP-8,,2.9
IC CAPTURE 11.01.2025-MAK,THIRD,RESIN (a=6 r=3),C-4,EVET,0
IC CAPTURE 11.01.2025-MAK,THIRD,RESIN (a=6 r=3),C-5,,4.22
IC CAPTURE 11.01.2025-MAK,THIRD,RESIN (a=6 r=3),C-6,EVET,0
IC CAPTURE 11.01.2025-MAK,THIRD,RESIN (a=6 r=3),CUBE-4,,2.12
IC CAPTURE 11.01.2025-MAK,THIRD,RESIN (a=6 r=3),CUBE-5,,4.1
IC CAPTURE 11.01.2025-MAK,THIRD,RESIN (a=6 r=3),CUBE-6,,4.22
IC CAPTURE 11.01.2025-MAK,THIRD,RESIN (a=6 r=3),D-2,EVET,0
IC CAPTURE 11.01.2025-MAK,THIRD,RESIN (a=6 r=3),D-4,,8.5
IC CAPTURE 11.01.2025-MAK,THIRD,RESIN (a=6 r=3),D-5,,9.5
IC CAPTURE 11.01.2025-MAK,THIRD,RESIN (a=6 r=3),D-6,,8.54
IC CAPTURE 11.01.2025-MAK,THIRD,RESIN (a=6 r=3),D-7,,7.4
IC CAPTURE 11.01.2025-MAK,THIRD,RESIN (a=6 r=3),SP-4,,1.44
IC CAPTURE 11.01.2025-MAK,THIRD,RESIN (a=6 r=3),SP-5,,3.66
IC CAPTURE 11.01.2025-MAK,THIRD,RESIN (a=6 r=3),SP-6,,3.52
IC CAPTURE 11.01.2025-MAK,THIRD,RESIN (a=6 r=3),SP-7,,4.08
IC CAPTURE 11.01.2025-MAK,THIRD,RESIN (a=9 r=4.5),C-5,,1.74
IC CAPTURE 11.01.2025-MAK,THIRD,RESIN (a=9 r=4.5),C-6,,3.44
IC CAPTURE 11.01.2025-MAK,THIRD,RESIN (a=9 r=4.5),CUBE-5,EVET,0
IC CAPTURE 11.01.2025-MAK,THIRD,RESIN (a=9 r=4.5),D-5,,4.84
IC CAPTURE 11.01.2025-MAK,THIRD,RESIN (a=9 r=4.5),D-6,,6.48
IC CAPTURE 11.01.2025-MAK,THIRD,RESIN (a=9 r=4.5),D-7,,8.7
IC CAPTURE 11.01.2025-MAK,THIRD,RESIN (a=9 r=4.5),D-8,,7.2
IC CAPTURE 11.01.2025-MAK,THIRD,RESIN (a=9 r=4.5),SP-5,,1.12
IC CAPTURE 11.01.2025-MAK,THIRD,RESIN (a=9 r=4.5),SP-6,,2.68
IC CAPTURE 11.01.2025-MAK,THIRD,RESIN (a=9 r=4.5),SP-7,,2.58
IC CAPTURE 11.01.2025-MAK,THIRD,RESIN (a=9 r=4.5),SP-8,,3.14
IC CAPTURE 25.01.2025-ANG,FIRST,PA 6,BSP-1,,4.38
IC CAPTURE 25.01.2025-ANG,FIRST,PA 6,BSP-2,,4.7
IC CAPTURE 25.01.2025-ANG,FIRST,PA 6,BSP-3,,2.58
IC CAPTURE 25.01.2025-ANG,FIRST,PA 6,BSP-4,,2.16
IC CAPTURE 25.01.2025-ANG,FIRST,PA 6,C-1,,3.22
IC CAPTURE 25.01.2025-ANG,FIRST,PA 6,C-2,,3.12
IC CAPTURE 25.01.2025-ANG,FIRST,PA 6,C-3,,2.62
IC CAPTURE 25.01.2025-ANG,FIRST,PA 6,HC-1,,4.48
IC CAPTURE 25.01.2025-ANG,FIRST,PA 6,HC-2,,3.46
IC CAPTURE 25.01.2025-ANG,FIRST,PA 6,HC-3,,2.98
IC CAPTURE 25.01.2025-ANG,FIRST,PA 6,HC-4,,2.74
IC CAPTURE 25.01.2025-ANG,SECOND,PA 6,BSP-1,,3.16
IC CAPTURE 25.01.2025-ANG,SECOND,PA 6,BSP-2,,3.58
IC CAPTURE 25.01.2025-ANG,SECOND,PA 6,BSP-3,,3.16
IC CAPTURE 25.01.2025-ANG,SECOND,PA 6,BSP-4,,1.92
IC CAPTURE 25.01.2025-ANG,SECOND,PA 6,C-1,,0.88
IC CAPTURE 25.01.2025-ANG,SECOND,PA 6,C-2,,3.28
IC CAPTURE 25.01.2025-ANG,SECOND,PA 6,C-3,,2.48
IC CAPTURE 25.01.2025-ANG,SECOND,PA 6,HC-1,EVET,0
IC CAPTURE 25.01.2025-ANG,SECOND,PA 6,HC-2,,3.46
IC CAPTURE 25.01.2025-ANG,SECOND,PA 6,HC-3,,3.18
IC CAPTURE 25.01.2025-ANG,SECOND,PA 6,HC-4,,4.02
IC CAPTURE 25.01.2025-ANG,THIRD,PA 6,BSP-1,,3.26
IC CAPTURE 25.01.2025-ANG,THIRD,PA 6,BSP-2,,3.4
IC CAPTURE 25.01.2025-ANG,THIRD,PA 6,BSP-3,,2.58
IC CAPTURE 25.01.2025-ANG,THIRD,PA 6,BSP-4,,1.86
IC CAPTURE 25.01.2025-ANG,THIRD,PA 6,C-1,,3.1
IC CAPTURE 25.01.2025-ANG,THIRD,PA 6,C-2,,3.14
IC CAPTURE 25.01.2025-ANG,THIRD,PA 6,C-3,,2.48
IC CAPTURE 25.01.2025-ANG,THIRD,PA 6,HC-1,EVET,0
IC CAPTURE 25.01.2025-ANG,THIRD,PA 6,HC-2,,3.52
IC CAPTURE 25.01.2025-ANG,THIRD,PA 6,HC-3,,3.22
IC CAPTURE 25.01.2025-ANG,THIRD,PA 6,HC-4,,2.38
IC CAPTURE 25.01.2025-MAK,FIRST,PA 6,BSP-1,,3.44
IC CAPTURE 25.01.2025-MAK,FIRST,PA 6,BSP-2,,3.54
IC CAPTURE 25.01.2025-MAK,FIRST,PA 6,BSP-3,,2.76
IC CAPTURE 25.01.2025-MAK,FIRST,PA 6,BSP-4,,2.1
IC CAPTURE 25.01.2025-MAK,FIRST,PA 6,C-1,,3.26
IC CAPTURE 25.01.2025-MAK,FIRST,PA 6,C-2,,3.44
IC CAPTURE 25.01.2025-MAK,FIRST,PA 6,C-3,,2.6
IC CAPTURE 25.01.2025-MAK,FIRST,PA 6,HC-1,,4.5
IC CAPTURE 25.01.2025-MAK,FIRST,PA 6,HC-2,,3.64
IC CAPTURE 25.01.2025-MAK,FIRST,PA 6,HC-3,,3.18
IC CAPTURE 25.01.2025-MAK,FIRST,PA 6,HC-4,,2.92
IC CAPTURE 25.01.2025-MAK,SECOND,PA 6,BSP-1,,3.24
IC CAPTURE 25.01.2025-MAK,SECOND,PA 6,BSP-2,,3.52
IC CAPTURE 25.01.2025-MAK,SECOND,PA 6,BSP-3,,2.7
IC CAPTURE 25.01.2025-MAK,SECOND,PA 6,BSP-4,,2.12
IC CAPTURE 25.01.2025-MAK,SECOND,PA 6,C-1,,3.24
IC CAPTURE 25.01.2025-MAK,SECOND,PA 6,C-2,,3.42
IC CAPTURE 25.01.2025-MAK,SECOND,PA 6,C-3,,2.48
IC CAPTURE 25.01.2025-MAK,SECOND,PA 6,HC-1,EVET,0
IC CAPTURE 25.01.2025-MAK,SECOND,PA 6,HC-2,,3.62
IC CAPTURE 25.01.2025-MAK,SECOND,PA 6,HC-3,,3.3
IC CAPTURE 25.01.2025-MAK,SECOND,PA 6,HC-4,,2.98
IC CAPTURE 25.01.2025-MAK,THIRD,PA 6,BSP-1,,3.44
IC CAPTURE 25.01.2025-MAK,THIRD,PA 6,BSP-2,,3.54
IC CAPTURE 25.01.2025-MAK,THIRD,PA 6,BSP-3,,2.58
IC CAPTURE 25.01.2025-MAK,THIRD,PA 6,BSP-4,,1.9
IC CAPTURE 25.01.2025-MAK,THIRD,PA 6,C-1,,3.18
IC CAPTURE 25.01.2025-MAK,THIRD,PA 6,C-2,,3.26
IC CAPTURE 25.01.2025-MAK,THIRD,PA 6,C-3,,2.64
IC CAPTURE 25.01.2025-MAK,THIRD,PA 6,HC-1,EVET,0
IC CAPTURE 25.01.2025-MAK,THIRD,PA 6,HC-2,,3.76
IC CAPTURE 25.01.2025-MAK,THIRD,PA 6,HC-3,,3.5
IC CAPTURE 25.01.2025-MAK,THIRD,PA 6,HC-4,,2.64
